Date,HomeTeam,AwayTeam,FTHG,FTAG,FTR,HS,AS,HST,AST,Saison
2021-08-06,Monaco,Nantes,1,1,D,15,5,3,1,2122
2021-08-07,Lyon,Brest,1,1,D,17,13,4,8,2122
2021-08-07,Troyes,Paris SG,1,2,A,15,12,7,3,2122
2021-08-08,Rennes,Lens,1,1,D,10,11,2,6,2122
2021-08-08,Bordeaux,Clermont,0,2,A,10,19,6,10,2122
2021-08-08,Nice,Reims,0,0,D,12,5,2,0,2122
2021-08-08,St Etienne,Lorient,1,1,D,20,12,3,3,2122
2021-08-08,Strasbourg,Angers,0,2,A,7,9,1,2,2122
2021-08-08,Metz,Lille,3,3,D,12,18,5,7,2122
2021-08-08,Montpellier,Marseille,2,3,A,8,21,1,7,2122
2021-08-13,Lorient,Monaco,1,0,H,2,12,2,3,2122
2021-08-14,Lille,Nice,0,4,A,11,11,2,7,2122
2021-08-14,Paris SG,Strasbourg,4,2,H,11,8,6,2,2122
2021-08-15,Angers,Lyon,3,0,H,13,8,6,3,2122
2021-08-15,Brest,Rennes,1,1,D,10,6,5,2,2122
2021-08-15,Clermont,Troyes,2,0,H,18,6,8,1,2122
2021-08-15,Nantes,Metz,2,0,H,11,10,7,5,2122
2021-08-15,Reims,Montpellier,3,3,D,19,15,9,5,2122
2021-08-15,Lens,St Etienne,2,2,D,22,12,7,7,2122
2021-08-15,Marseille,Bordeaux,2,2,D,10,8,2,2,2122
2021-08-20,Brest,Paris SG,2,4,A,11,16,3,8,2122
2021-08-21,Monaco,Lens,0,2,A,9,4,2,2,2122
2021-08-21,St Etienne,Lille,1,1,D,10,8,2,6,2122
2021-08-22,Lyon,Clermont,3,3,D,21,17,9,5,2122
2021-08-22,Bordeaux,Angers,1,1,D,14,6,5,3,2122
2021-08-22,Metz,Reims,1,1,D,10,12,4,3,2122
2021-08-22,Montpellier,Lorient,3,1,H,32,5,11,4,2122
2021-08-22,Strasbourg,Troyes,1,1,D,14,10,4,6,2122
2021-08-22,Rennes,Nantes,1,0,H,14,4,5,1,2122
2021-08-27,Nantes,Lyon,0,1,A,18,12,5,5,2122
2021-08-28,Nice,Bordeaux,4,0,H,11,13,5,4,2122
2021-08-28,Marseille,St Etienne,3,1,H,19,11,5,7,2122
2021-08-29,Troyes,Monaco,1,2,A,12,7,3,4,2122
2021-08-29,Angers,Rennes,2,0,H,16,7,4,2,2122
2021-08-29,Clermont,Metz,2,2,D,16,12,4,4,2122
2021-08-29,Lens,Lorient,2,2,D,19,15,9,7,2122
2021-08-29,Strasbourg,Brest,3,1,H,11,11,5,5,2122
2021-08-29,Lille,Montpellier,2,1,H,15,6,4,3,2122
2021-08-29,Reims,Paris SG,0,2,A,11,12,4,3,2122
2021-09-10,Lorient,Lille,2,1,H,14,9,7,3,2122
2021-09-11,Paris SG,Clermont,4,0,H,13,14,7,2,2122
2021-09-11,Monaco,Marseille,0,2,A,7,13,0,5,2122
2021-09-12,Montpellier,St Etienne,2,0,H,11,14,4,2,2122
2021-09-12,Bordeaux,Lens,2,3,A,11,12,3,5,2122
2021-09-12,Brest,Angers,1,1,D,12,8,6,2,2122
2021-09-12,Metz,Troyes,0,2,A,16,10,2,5,2122
2021-09-12,Rennes,Reims,0,2,A,9,7,1,3,2122
2021-09-12,Nantes,Nice,0,2,A,19,9,7,3,2122
2021-09-12,Lyon,Strasbourg,3,1,H,14,12,7,4,2122
2021-09-17,Strasbourg,Metz,3,0,H,10,15,6,5,2122
2021-09-18,Lens,Lille,1,0,H,13,6,4,2,2122
2021-09-18,St Etienne,Bordeaux,1,2,A,12,13,5,3,2122
2021-09-19,Nice,Monaco,2,2,D,12,8,3,3,2122
2021-09-19,Angers,Nantes,1,4,A,10,8,5,4,2122
2021-09-19,Clermont,Brest,1,1,D,7,5,4,1,2122
2021-09-19,Reims,Lorient,0,0,D,10,6,2,3,2122
2021-09-19,Troyes,Montpellier,1,1,D,8,6,3,2,2122
2021-09-19,Marseille,Rennes,2,0,H,17,13,6,2,2122
2021-09-19,Paris SG,Lyon,2,1,H,14,12,5,5,2122
2021-09-22,Lille,Reims,2,1,H,7,11,4,5,2122
2021-09-22,Monaco,St Etienne,3,1,H,14,9,6,3,2122
2021-09-22,Montpellier,Bordeaux,3,3,D,15,15,6,7,2122
2021-09-22,Nantes,Brest,3,1,H,14,10,6,2,2122
2021-09-22,Rennes,Clermont,6,0,H,21,4,10,1,2122
2021-09-22,Angers,Marseille,0,0,D,9,6,1,1,2122
2021-09-22,Lens,Strasbourg,0,1,A,17,6,4,1,2122
2021-09-22,Lorient,Nice,1,0,H,8,13,1,1,2122
2021-09-22,Lyon,Troyes,3,1,H,15,12,8,7,2122
2021-09-22,Metz,Paris SG,1,2,A,6,15,2,5,2122
2021-09-25,St Etienne,Nice,0,3,A,11,14,6,9,2122
2021-09-25,Strasbourg,Lille,1,2,A,10,16,3,7,2122
2021-09-25,Lyon,Lorient,1,1,D,12,12,2,5,2122
2021-09-25,Paris SG,Montpellier,2,0,H,16,10,5,4,2122
2021-09-26,Bordeaux,Rennes,1,1,D,10,18,3,8,2122
2021-09-26,Brest,Metz,1,2,A,11,6,2,4,2122
2021-09-26,Reims,Nantes,3,1,H,9,11,5,2,2122
2021-09-26,Troyes,Angers,1,1,D,6,17,3,6,2122
2021-09-26,Clermont,Monaco,1,3,A,12,6,4,3,2122
2021-09-26,Marseille,Lens,2,3,A,14,14,4,5,2122
2021-10-01,Lens,Reims,2,0,H,13,3,7,0,2122
2021-10-02,Montpellier,Strasbourg,1,1,D,12,6,4,3,2122
2021-10-02,Nice,Brest,2,1,H,20,6,9,2,2122
2021-10-03,Rennes,Paris SG,2,0,H,12,13,4,0,2122
2021-10-03,Angers,Metz,3,2,H,18,2,5,2,2122
2021-10-03,Lorient,Clermont,1,1,D,6,8,1,4,2122
2021-10-03,Monaco,Bordeaux,3,0,H,12,4,4,1,2122
2021-10-03,Nantes,Troyes,2,0,H,8,15,4,4,2122
2021-10-03,Lille,Marseille,2,0,H,12,10,5,3,2122
2021-10-03,St Etienne,Lyon,1,1,D,18,15,6,5,2122
2021-10-15,Paris SG,Angers,2,1,H,13,7,2,2,2122
2021-10-16,Clermont,Lille,1,0,H,9,9,3,2,2122
2021-10-16,Lyon,Monaco,2,0,H,14,9,8,3,2122
2021-10-17,Troyes,Nice,1,0,H,8,11,3,3,2122
2021-10-17,Bordeaux,Nantes,1,1,D,8,13,1,7,2122
2021-10-17,Brest,Reims,1,1,D,9,13,4,2,2122
2021-10-17,Metz,Rennes,0,3,A,9,21,2,8,2122
2021-10-17,Strasbourg,St Etienne,5,1,H,12,4,6,2,2122
2021-10-17,Montpellier,Lens,1,0,H,15,19,6,5,2122
2021-10-17,Marseille,Lorient,4,1,H,16,15,6,7,2122
2021-10-22,St Etienne,Angers,2,2,D,17,4,6,2,2122
2021-10-23,Nantes,Clermont,2,1,H,8,4,4,1,2122
2021-10-23,Lille,Brest,1,1,D,13,13,3,5,2122
2021-10-24,Nice,Lyon,3,2,H,17,13,7,8,2122
2021-10-24,Lens,Metz,4,1,H,11,9,5,4,2122
2021-10-24,Lorient,Bordeaux,1,1,D,14,11,4,5,2122
2021-10-24,Reims,Troyes,1,2,A,18,7,5,4,2122
2021-10-24,Rennes,Strasbourg,1,0,H,17,8,3,2,2122
2021-10-24,Monaco,Montpellier,3,1,H,14,12,4,3,2122
2021-10-24,Marseille,Paris SG,0,0,D,15,10,1,4,2122
2021-10-27,Nice,Marseille,1,1,D,11,7,3,1,2122
2021-10-29,Paris SG,Lille,2,1,H,17,11,6,3,2122
2021-10-30,Metz,St Etienne,1,1,D,9,10,4,3,2122
2021-10-30,Lyon,Lens,2,1,H,13,18,4,10,2122
2021-10-31,Angers,Nice,1,2,A,3,14,2,5,2122
2021-10-31,Bordeaux,Reims,3,2,H,17,12,7,8,2122
2021-10-31,Montpellier,Nantes,2,0,H,19,12,10,1,2122
2021-10-31,Strasbourg,Lorient,4,0,H,15,5,6,0,2122
2021-10-31,Troyes,Rennes,2,2,D,14,13,5,5,2122
2021-10-31,Brest,Monaco,2,0,H,7,5,3,2,2122
2021-10-31,Clermont,Marseille,0,1,A,12,9,1,4,2122
2021-11-05,Lens,Troyes,4,0,H,28,14,12,6,2122
2021-11-06,Lille,Angers,1,1,D,11,9,6,5,2122
2021-11-06,Bordeaux,Paris SG,2,3,A,18,9,6,5,2122
2021-11-07,Marseille,Metz,0,0,D,15,12,3,4,2122
2021-11-07,Lorient,Brest,1,2,A,9,16,3,5,2122
2021-11-07,Nantes,Strasbourg,2,2,D,20,17,6,6,2122
2021-11-07,Reims,Monaco,0,0,D,11,12,4,3,2122
2021-11-07,St Etienne,Clermont,3,2,H,18,9,4,4,2122
2021-11-07,Nice,Montpellier,0,1,A,22,8,6,2,2122
2021-11-07,Rennes,Lyon,4,1,H,25,6,12,4,2122
2021-11-19,Monaco,Lille,2,2,D,17,15,8,8,2122
2021-11-20,Paris SG,Nantes,3,1,H,14,12,7,6,2122
2021-11-20,Rennes,Montpellier,2,0,H,30,4,7,2,2122
2021-11-21,Brest,Lens,4,0,H,13,14,5,5,2122
2021-11-21,Angers,Lorient,1,0,H,8,10,4,3,2122
2021-11-21,Metz,Bordeaux,3,3,D,20,19,9,5,2122
2021-11-21,Strasbourg,Reims,1,1,D,21,10,3,3,2122
2021-11-21,Troyes,St Etienne,0,1,A,15,14,3,4,2122
2021-11-21,Clermont,Nice,1,2,A,18,9,6,4,2122
2021-11-26,Lens,Angers,2,2,D,9,12,4,5,2122
2021-11-27,Lille,Nantes,1,1,D,10,7,3,3,2122
2021-11-27,Nice,Metz,0,1,A,20,4,2,1,2122
2021-11-28,St Etienne,Paris SG,1,3,A,8,15,4,8,2122
2021-11-28,Bordeaux,Brest,1,2,A,16,14,4,4,2122
2021-11-28,Lorient,Rennes,0,2,A,6,11,0,5,2122
2021-11-28,Monaco,Strasbourg,1,1,D,8,7,3,4,2122
2021-11-28,Reims,Clermont,1,0,H,12,4,3,0,2122
2021-11-28,Montpellier,Lyon,0,1,A,15,11,6,3,2122
2021-11-28,Marseille,Troyes,1,0,H,14,5,4,2,2122
2021-12-01,Angers,Monaco,1,3,A,9,14,3,8,2122
2021-12-01,Brest,St Etienne,1,0,H,8,13,3,3,2122
2021-12-01,Metz,Montpellier,1,3,A,20,10,7,7,2122
2021-12-01,Strasbourg,Bordeaux,5,2,H,19,13,6,2,2122
2021-12-01,Troyes,Lorient,2,0,H,10,9,3,3,2122
2021-12-01,Clermont,Lens,2,2,D,19,9,7,2,2122
2021-12-01,Lyon,Reims,1,2,A,14,8,6,4,2122
2021-12-01,Nantes,Marseille,0,1,A,3,15,1,5,2122
2021-12-01,Paris SG,Nice,0,0,D,22,4,5,2,2122
2021-12-01,Rennes,Lille,1,2,A,10,6,2,2,2122
2021-12-04,Marseille,Brest,1,2,A,16,9,4,4,2122
2021-12-04,Lille,Troyes,2,1,H,13,7,4,3,2122
2021-12-04,Lens,Paris SG,1,1,D,18,13,7,6,2122
2021-12-05,St Etienne,Rennes,0,5,A,12,18,2,10,2122
2021-12-05,Lorient,Nantes,0,1,A,17,5,2,1,2122
2021-12-05,Monaco,Metz,4,0,H,8,6,5,0,2122
2021-12-05,Montpellier,Clermont,1,0,H,8,10,2,3,2122
2021-12-05,Reims,Angers,1,2,A,5,13,2,4,2122
2021-12-05,Nice,Strasbourg,0,3,A,12,15,5,5,2122
2021-12-05,Bordeaux,Lyon,2,2,D,12,19,5,5,2122
2021-12-10,Nantes,Lens,3,2,H,15,4,5,2,2122
2021-12-11,Brest,Montpellier,0,4,A,17,9,6,4,2122
2021-12-11,Reims,St Etienne,2,0,H,17,4,6,0,2122
2021-12-12,Lille,Lyon,0,0,D,14,13,2,2,2122
2021-12-12,Angers,Clermont,0,1,A,12,17,3,3,2122
2021-12-12,Metz,Lorient,4,1,H,5,17,3,6,2122
2021-12-12,Rennes,Nice,1,2,A,20,7,8,3,2122
2021-12-12,Troyes,Bordeaux,1,2,A,21,8,3,4,2122
2021-12-12,Strasbourg,Marseille,0,2,A,11,8,3,3,2122
2021-12-12,Paris SG,Monaco,2,0,H,9,13,2,3,2122
2021-12-22,Bordeaux,Lille,2,3,A,12,12,3,3,2122
2021-12-22,Lorient,Paris SG,1,1,D,17,17,5,4,2122
2021-12-22,Lyon,Metz,1,1,D,18,6,6,2,2122
2021-12-22,Marseille,Reims,1,1,D,14,7,5,2,2122
2021-12-22,Monaco,Rennes,2,1,H,11,16,3,6,2122
2021-12-22,Montpellier,Angers,4,1,H,9,13,6,6,2122
2021-12-22,Nice,Lens,2,1,H,9,8,3,4,2122
2021-12-22,St Etienne,Nantes,0,1,A,13,8,6,3,2122
2021-12-22,Troyes,Brest,1,1,D,15,8,4,2,2122
2022-01-07,Bordeaux,Marseille,0,1,A,6,18,2,6,2122
2022-01-08,Lens,Rennes,1,0,H,11,5,4,0,2122
2022-01-09,Brest,Nice,0,3,A,26,9,10,4,2122
2022-01-09,Clermont,Reims,0,0,D,12,7,7,2,2122
2022-01-09,Metz,Strasbourg,0,2,A,7,19,1,7,2122
2022-01-09,Nantes,Monaco,0,0,D,8,9,4,1,2122
2022-01-09,Lyon,Paris SG,1,1,D,11,15,4,3,2122
2022-01-14,Nice,Nantes,2,1,H,13,11,5,3,2122
2022-01-15,St Etienne,Lens,1,2,A,13,14,4,4,2122
2022-01-15,Paris SG,Brest,2,0,H,20,6,9,3,2122
2022-01-16,Rennes,Bordeaux,6,0,H,19,5,11,1,2122
2022-01-16,Lorient,Angers,0,0,D,14,5,4,0,2122
2022-01-16,Monaco,Clermont,4,0,H,20,6,10,1,2122
2022-01-16,Reims,Metz,0,1,A,14,17,2,5,2122
2022-01-16,Strasbourg,Montpellier,3,1,H,19,9,8,5,2122
2022-01-16,Troyes,Lyon,0,1,A,6,19,2,8,2122
2022-01-16,Marseille,Lille,1,1,D,22,5,7,4,2122
2022-01-19,Clermont,Strasbourg,0,2,A,7,15,1,5,2122
2022-01-19,Lille,Lorient,3,1,H,13,18,5,5,2122
2022-01-19,Montpellier,Troyes,0,1,A,11,13,2,5,2122
2022-01-21,Lyon,St Etienne,1,0,H,11,4,4,1,2122
2022-01-22,Brest,Lille,2,0,H,9,17,3,5,2122
2022-01-22,Lens,Marseille,0,2,A,9,10,3,7,2122
2022-01-23,Metz,Nice,0,2,A,8,7,1,6,2122
2022-01-23,Angers,Troyes,2,1,H,10,11,3,6,2122
2022-01-23,Bordeaux,Strasbourg,4,3,H,13,18,6,6,2122
2022-01-23,Clermont,Rennes,2,1,H,12,13,4,4,2122
2022-01-23,Nantes,Lorient,4,2,H,12,15,8,6,2122
2022-01-23,Montpellier,Monaco,3,2,H,15,17,7,7,2122
2022-01-23,Paris SG,Reims,4,0,H,22,7,8,3,2122
2022-01-26,Angers,St Etienne,0,1,A,7,8,4,5,2122
2022-02-01,Lyon,Marseille,2,1,H,12,9,4,1,2122
2022-02-04,Marseille,Angers,5,2,H,18,4,8,2,2122
2022-02-05,St Etienne,Montpellier,3,1,H,27,3,8,2,2122
2022-02-05,Monaco,Lyon,2,0,H,10,19,6,5,2122
2022-02-06,Lorient,Lens,2,0,H,8,8,3,0,2122
2022-02-06,Nice,Clermont,0,1,A,7,14,3,5,2122
2022-02-06,Reims,Bordeaux,5,0,H,16,6,7,0,2122
2022-02-06,Strasbourg,Nantes,1,0,H,13,10,3,2,2122
2022-02-06,Troyes,Metz,0,0,D,9,6,2,0,2122
2022-02-06,Rennes,Brest,2,0,H,19,5,8,1,2122
2022-02-06,Lille,Paris SG,1,5,A,10,18,5,7,2122
2022-02-11,Paris SG,Rennes,1,0,H,12,13,1,1,2122
2022-02-12,Montpellier,Lille,0,1,A,16,16,5,7,2122
2022-02-12,Lyon,Nice,2,0,H,12,1,8,1,2122
2022-02-13,Monaco,Lorient,0,0,D,15,5,4,1,2122
2022-02-13,Angers,Strasbourg,0,1,A,9,8,2,2,2122
2022-02-13,Brest,Troyes,5,1,H,12,5,5,2,2122
2022-02-13,Clermont,St Etienne,1,2,A,9,6,3,3,2122
2022-02-13,Nantes,Reims,1,0,H,11,7,3,4,2122
2022-02-13,Lens,Bordeaux,3,2,H,9,10,7,4,2122
2022-02-13,Metz,Marseille,1,2,A,11,13,4,5,2122
2022-02-18,Lille,Metz,0,0,D,13,7,1,0,2122
2022-02-19,Lens,Lyon,1,1,D,12,10,6,2,2122
2022-02-19,Nantes,Paris SG,3,1,H,13,16,7,9,2122
2022-02-20,Nice,Angers,1,0,H,9,11,5,2,2122
2022-02-20,Lorient,Montpellier,0,1,A,16,6,3,5,2122
2022-02-20,Reims,Brest,1,1,D,8,15,2,4,2122
2022-02-20,Rennes,Troyes,4,1,H,17,4,8,1,2122
2022-02-20,St Etienne,Strasbourg,2,2,D,9,8,4,4,2122
2022-02-20,Bordeaux,Monaco,1,1,D,11,13,3,4,2122
2022-02-20,Marseille,Clermont,0,2,A,18,4,4,3,2122
2022-02-25,Montpellier,Rennes,2,4,A,12,11,5,9,2122
2022-02-26,Strasbourg,Nice,0,0,D,17,3,6,0,2122
2022-02-26,Paris SG,St Etienne,3,1,H,21,13,8,6,2122
2022-02-27,Monaco,Reims,1,2,A,18,12,5,7,2122
2022-02-27,Angers,Lens,1,2,A,13,8,4,2,2122
2022-02-27,Brest,Lorient,0,1,A,4,17,0,8,2122
2022-02-27,Clermont,Bordeaux,1,1,D,9,10,3,3,2122
2022-02-27,Metz,Nantes,0,0,D,8,12,0,3,2122
2022-02-27,Troyes,Marseille,1,1,D,9,8,3,3,2122
2022-02-27,Lyon,Lille,0,1,A,20,6,8,2,2122
2022-03-04,Lorient,Lyon,1,4,A,15,15,6,7,2122
2022-03-05,Lens,Brest,0,1,A,20,5,6,3,2122
2022-03-05,Nice,Paris SG,1,0,H,11,8,6,2,2122
2022-03-06,St Etienne,Metz,1,0,H,13,5,5,2,2122
2022-03-06,Bordeaux,Troyes,0,2,A,10,10,3,2,2122
2022-03-06,Nantes,Montpellier,2,0,H,16,6,5,1,2122
2022-03-06,Reims,Strasbourg,1,1,D,8,17,1,6,2122
2022-03-06,Rennes,Angers,2,0,H,15,7,4,2,2122
2022-03-06,Lille,Clermont,4,0,H,15,9,8,1,2122
2022-03-06,Marseille,Monaco,0,1,A,13,5,2,3,2122
2022-03-11,Lille,St Etienne,0,0,D,10,11,2,3,2122
2022-03-12,Montpellier,Nice,0,0,D,24,8,7,0,2122
2022-03-12,Troyes,Nantes,1,0,H,11,6,2,1,2122
2022-03-13,Paris SG,Bordeaux,3,0,H,12,15,5,5,2122
2022-03-13,Angers,Reims,0,1,A,20,10,7,3,2122
2022-03-13,Clermont,Lorient,0,2,A,10,9,1,6,2122
2022-03-13,Metz,Lens,0,0,D,6,11,3,0,2122
2022-03-13,Strasbourg,Monaco,1,0,H,11,5,3,0,2122
2022-03-13,Lyon,Rennes,2,4,A,11,10,2,7,2122
2022-03-13,Brest,Marseille,1,4,A,8,13,2,7,2122
2022-03-18,St Etienne,Troyes,1,1,D,10,8,3,4,2122
2022-03-19,Lens,Clermont,3,1,H,20,10,7,3,2122
2022-03-19,Nantes,Lille,0,1,A,11,12,3,4,2122
2022-03-20,Monaco,Paris SG,3,0,H,13,13,8,6,2122
2022-03-20,Angers,Brest,1,0,H,9,16,3,2,2122
2022-03-20,Bordeaux,Montpellier,0,2,A,32,7,10,2,2122
2022-03-20,Lorient,Strasbourg,0,0,D,9,13,2,4,2122
2022-03-20,Rennes,Metz,6,1,H,21,2,8,1,2122
2022-03-20,Reims,Lyon,0,0,D,5,10,2,2,2122
2022-03-20,Marseille,Nice,2,1,H,13,9,6,3,2122
2022-04-02,Nice,Rennes,1,1,D,10,13,3,4,2122
2022-04-02,Lille,Bordeaux,0,0,D,22,2,6,0,2122
2022-04-03,Strasbourg,Lens,1,0,H,13,13,3,2,2122
2022-04-03,Clermont,Nantes,2,3,A,12,9,4,4,2122
2022-04-03,Metz,Monaco,1,2,A,17,14,4,4,2122
2022-04-03,Montpellier,Brest,1,2,A,9,12,3,6,2122
2022-04-03,St Etienne,Marseille,2,4,A,5,15,2,9,2122
2022-04-03,Troyes,Reims,1,0,H,19,10,5,4,2122
2022-04-03,Lyon,Angers,3,2,H,15,7,5,4,2122
2022-04-03,Paris SG,Lorient,5,1,H,15,11,7,4,2122
2022-04-08,Lorient,St Etienne,6,2,H,18,13,12,4,2122
2022-04-09,Reims,Rennes,2,3,A,15,14,7,8,2122
2022-04-09,Clermont,Paris SG,1,6,A,10,17,4,10,2122
2022-04-10,Bordeaux,Metz,3,1,H,12,9,7,2,2122
2022-04-10,Angers,Lille,1,1,D,13,17,3,3,2122
2022-04-10,Brest,Nantes,1,1,D,12,12,6,5,2122
2022-04-10,Monaco,Troyes,2,1,H,11,8,3,1,2122
2022-04-10,Lens,Nice,3,0,H,6,16,3,6,2122
2022-04-10,Strasbourg,Lyon,1,1,D,15,13,4,3,2122
2022-04-10,Marseille,Montpellier,2,0,H,11,6,5,2,2122
2022-04-15,Rennes,Monaco,2,3,A,13,12,4,4,2122
2022-04-16,St Etienne,Brest,2,1,H,11,7,4,3,2122
2022-04-16,Lille,Lens,1,2,A,17,11,5,7,2122
2022-04-17,Nice,Lorient,2,1,H,15,6,2,1,2122
2022-04-17,Metz,Clermont,1,1,D,4,26,2,4,2122
2022-04-17,Montpellier,Reims,0,0,D,14,15,3,9,2122
2022-04-17,Nantes,Angers,1,1,D,24,10,7,3,2122
2022-04-17,Troyes,Strasbourg,1,1,D,11,12,3,4,2122
2022-04-17,Lyon,Bordeaux,6,1,H,15,17,9,5,2122
2022-04-17,Paris SG,Marseille,2,1,H,7,3,3,1,2122
2022-04-20,Bordeaux,St Etienne,2,2,D,11,9,7,2,2122
2022-04-20,Lorient,Metz,1,0,H,15,20,5,5,2122
2022-04-20,Monaco,Nice,1,0,H,17,15,7,2,2122
2022-04-20,Reims,Lille,2,1,H,10,20,4,5,2122
2022-04-20,Troyes,Clermont,0,1,A,16,3,3,1,2122
2022-04-20,Angers,Paris SG,0,3,A,8,15,1,8,2122
2022-04-20,Brest,Lyon,2,1,H,9,18,3,5,2122
2022-04-20,Lens,Montpellier,2,0,H,12,9,5,4,2122
2022-04-20,Marseille,Nantes,3,2,H,19,4,5,3,2122
2022-04-20,Strasbourg,Rennes,2,1,H,13,10,5,3,2122
2022-04-23,Lyon,Montpellier,5,2,H,27,11,13,7,2122
2022-04-23,St Etienne,Monaco,1,4,A,8,12,4,6,2122
2022-04-23,Paris SG,Lens,1,1,D,18,8,7,3,2122
2022-04-24,Rennes,Lorient,5,0,H,10,12,7,2,2122
2022-04-24,Clermont,Angers,2,2,D,12,9,6,5,2122
2022-04-24,Metz,Brest,0,1,A,10,16,0,3,2122
2022-04-24,Nantes,Bordeaux,5,3,H,15,20,6,7,2122
2022-04-24,Nice,Troyes,1,0,H,18,9,3,3,2122
2022-04-24,Lille,Strasbourg,1,0,H,11,11,3,3,2122
2022-04-24,Reims,Marseille,0,1,A,10,14,3,3,2122
2022-04-29,Strasbourg,Paris SG,3,3,D,14,14,2,6,2122
2022-04-30,Lens,Nantes,2,2,D,20,13,5,5,2122
2022-04-30,Rennes,St Etienne,2,0,H,13,8,3,3,2122
2022-05-01,Troyes,Lille,3,0,H,9,10,5,1,2122
2022-05-01,Brest,Clermont,2,0,H,8,16,4,7,2122
2022-05-01,Lorient,Reims,1,2,A,20,12,8,2,2122
2022-05-01,Monaco,Angers,2,0,H,15,11,7,5,2122
2022-05-01,Montpellier,Metz,2,2,D,18,17,6,5,2122
2022-05-01,Bordeaux,Nice,0,1,A,5,14,1,3,2122
2022-05-01,Marseille,Lyon,0,3,A,9,12,2,5,2122
2022-05-06,Lille,Monaco,1,2,A,15,9,5,3,2122
2022-05-07,Brest,Strasbourg,0,1,A,7,14,2,5,2122
2022-05-08,Metz,Lyon,3,2,H,15,17,8,5,2122
2022-05-08,Angers,Bordeaux,4,1,H,13,7,8,3,2122
2022-05-08,Clermont,Montpellier,2,1,H,12,10,4,2,2122
2022-05-08,Reims,Lens,1,2,A,7,21,2,5,2122
2022-05-08,Lorient,Marseille,0,3,A,7,9,0,6,2122
2022-05-08,Paris SG,Troyes,2,2,D,17,9,7,3,2122
2022-05-11,Nice,St Etienne,4,2,H,14,12,7,6,2122
2022-05-11,Nantes,Rennes,2,1,H,9,17,3,5,2122
2022-05-14,Bordeaux,Lorient,0,0,D,14,13,1,2,2122
2022-05-14,Lyon,Nantes,3,2,H,17,17,6,6,2122
2022-05-14,Metz,Angers,1,0,H,7,11,2,4,2122
2022-05-14,Monaco,Brest,4,2,H,25,10,9,5,2122
2022-05-14,Montpellier,Paris SG,0,4,A,10,15,3,9,2122
2022-05-14,Nice,Lille,1,3,A,16,9,6,5,2122
2022-05-14,Rennes,Marseille,2,0,H,12,8,4,0,2122
2022-05-14,St Etienne,Reims,1,2,A,16,17,7,7,2122
2022-05-14,Strasbourg,Clermont,1,0,H,11,11,6,3,2122
2022-05-14,Troyes,Lens,1,3,A,6,15,2,9,2122
2022-05-21,Angers,Montpellier,2,0,H,19,14,3,1,2122
2022-05-21,Brest,Bordeaux,2,4,A,11,15,7,7,2122
2022-05-21,Clermont,Lyon,1,2,A,18,21,3,5,2122
2022-05-21,Lens,Monaco,2,2,D,28,12,10,5,2122
2022-05-21,Lille,Rennes,2,2,D,13,13,4,3,2122
2022-05-21,Lorient,Troyes,1,1,D,17,8,6,3,2122
2022-05-21,Marseille,Strasbourg,4,0,H,17,10,11,4,2122
2022-05-21,Nantes,St Etienne,1,1,D,12,13,5,3,2122
2022-05-21,Paris SG,Metz,5,0,H,27,4,12,1,2122
2022-05-21,Reims,Nice,2,3,A,5,17,4,6,2122
2022-08-05,Lyon,Ajaccio,2,1,H,11,8,6,4,2223
2022-08-06,Strasbourg,Monaco,1,2,A,11,24,7,11,2223
2022-08-06,Clermont,Paris SG,0,5,A,7,18,1,12,2223
2022-08-07,Toulouse,Nice,1,1,D,6,11,4,4,2223
2022-08-07,Angers,Nantes,0,0,D,16,14,6,4,2223
2022-08-07,Lens,Brest,3,2,H,17,6,7,4,2223
2022-08-07,Lille,Auxerre,4,1,H,16,10,7,2,2223
2022-08-07,Montpellier,Troyes,3,2,H,17,15,6,10,2223
2022-08-07,Rennes,Lorient,0,1,A,21,8,6,2,2223
2022-08-07,Marseille,Reims,4,1,H,16,16,6,6,2223
2022-08-12,Nantes,Lille,1,1,D,10,16,1,5,2223
2022-08-13,Monaco,Rennes,1,1,D,12,24,4,8,2223
2022-08-13,Paris SG,Montpellier,5,2,H,20,7,10,4,2223
2022-08-14,Ajaccio,Lens,0,0,D,9,12,2,3,2223
2022-08-14,Auxerre,Angers,2,2,D,11,11,4,2,2223
2022-08-14,Reims,Clermont,2,4,A,9,10,6,5,2223
2022-08-14,Troyes,Toulouse,0,3,A,12,10,2,4,2223
2022-08-14,Nice,Strasbourg,1,1,D,13,9,3,5,2223
2022-08-14,Brest,Marseille,1,1,D,17,5,5,2,2223
2022-08-19,Lyon,Troyes,4,1,H,16,4,8,1,2223
2022-08-20,Monaco,Lens,1,4,A,12,14,5,6,2223
2022-08-20,Marseille,Nantes,2,1,H,16,12,5,3,2223
2022-08-21,Strasbourg,Reims,1,1,D,12,12,3,6,2223
2022-08-21,Angers,Brest,1,3,A,7,11,5,7,2223
2022-08-21,Clermont,Nice,1,0,H,7,13,2,4,2223
2022-08-21,Montpellier,Auxerre,1,2,A,13,7,7,2,2223
2022-08-21,Toulouse,Lorient,2,2,D,16,14,8,4,2223
2022-08-21,Rennes,Ajaccio,2,1,H,16,10,7,3,2223
2022-08-21,Lille,Paris SG,1,7,A,16,16,10,9,2223
2022-08-26,Ajaccio,Lille,1,3,A,13,7,2,4,2223
2022-08-27,Auxerre,Strasbourg,1,0,H,7,14,3,4,2223
2022-08-27,Lens,Rennes,2,1,H,17,12,4,6,2223
2022-08-28,Nantes,Toulouse,3,1,H,16,9,8,3,2223
2022-08-28,Brest,Montpellier,0,7,A,6,14,0,8,2223
2022-08-28,Lorient,Clermont,2,1,H,22,9,9,2,2223
2022-08-28,Nice,Marseille,0,3,A,16,13,2,4,2223
2022-08-28,Troyes,Angers,3,1,H,25,7,11,3,2223
2022-08-28,Reims,Lyon,1,1,D,8,18,5,5,2223
2022-08-28,Paris SG,Monaco,1,1,D,18,4,5,3,2223
2022-08-31,Angers,Reims,2,4,A,10,11,3,5,2223
2022-08-31,Lyon,Auxerre,2,1,H,20,6,8,2,2223
2022-08-31,Monaco,Troyes,2,4,A,8,19,6,11,2223
2022-08-31,Montpellier,Ajaccio,2,0,H,9,15,4,0,2223
2022-08-31,Strasbourg,Nantes,1,1,D,5,12,2,3,2223
2022-08-31,Lens,Lorient,5,2,H,15,10,8,3,2223
2022-08-31,Lille,Nice,1,2,A,18,3,6,2,2223
2022-08-31,Marseille,Clermont,1,0,H,21,3,7,0,2223
2022-08-31,Rennes,Brest,3,1,H,16,7,9,2,2223
2022-08-31,Toulouse,Paris SG,0,3,A,14,20,7,13,2223
2022-09-03,Auxerre,Marseille,0,2,A,8,15,2,7,2223
2022-09-03,Lyon,Angers,5,0,H,16,8,9,3,2223
2022-09-03,Nantes,Paris SG,0,3,A,10,19,1,7,2223
2022-09-04,Montpellier,Lille,1,3,A,4,26,2,7,2223
2022-09-04,Ajaccio,Lorient,0,1,A,16,7,3,4,2223
2022-09-04,Brest,Strasbourg,1,1,D,11,10,2,3,2223
2022-09-04,Clermont,Toulouse,2,0,H,12,14,3,4,2223
2022-09-04,Reims,Lens,1,1,D,17,20,4,4,2223
2022-09-04,Troyes,Rennes,1,1,D,9,19,1,6,2223
2022-09-04,Nice,Monaco,0,1,A,12,14,5,2,2223
2022-09-07,Lorient,Lyon,3,1,H,11,15,6,7,2223
2022-09-09,Lens,Troyes,1,0,H,12,7,3,2,2223
2022-09-10,Paris SG,Brest,1,0,H,13,6,4,3,2223
2022-09-10,Marseille,Lille,2,1,H,14,7,7,3,2223
2022-09-11,Strasbourg,Clermont,0,0,D,12,10,4,4,2223
2022-09-11,Ajaccio,Nice,0,1,A,9,12,3,3,2223
2022-09-11,Angers,Montpellier,2,1,H,11,7,5,2,2223
2022-09-11,Lorient,Nantes,3,2,H,13,9,5,4,2223
2022-09-11,Toulouse,Reims,1,0,H,14,11,3,1,2223
2022-09-11,Rennes,Auxerre,5,0,H,12,7,9,3,2223
2022-09-11,Monaco,Lyon,2,1,H,11,20,4,6,2223
2022-09-16,Auxerre,Lorient,1,3,A,17,12,5,8,2223
2022-09-17,Montpellier,Strasbourg,2,1,H,10,8,4,2,2223
2022-09-17,Lille,Toulouse,2,1,H,10,14,4,5,2223
2022-09-18,Reims,Monaco,0,3,A,9,20,2,11,2223
2022-09-18,Brest,Ajaccio,0,1,A,8,6,4,4,2223
2022-09-18,Clermont,Troyes,1,3,A,14,9,2,4,2223
2022-09-18,Marseille,Rennes,1,1,D,15,12,4,4,2223
2022-09-18,Nice,Angers,0,1,A,18,16,5,3,2223
2022-09-18,Nantes,Lens,0,0,D,12,8,4,2,2223
2022-09-18,Lyon,Paris SG,0,1,A,12,15,3,8,2223
2022-09-30,Angers,Marseille,0,3,A,16,15,5,7,2223
2022-10-01,Strasbourg,Rennes,1,3,A,9,17,3,7,2223
2022-10-01,Paris SG,Nice,2,1,H,12,4,4,1,2223
2022-10-02,Lorient,Lille,2,1,H,7,20,4,4,2223
2022-10-02,Ajaccio,Clermont,1,3,A,12,7,3,3,2223
2022-10-02,Auxerre,Brest,1,1,D,11,9,3,2,2223
2022-10-02,Toulouse,Montpellier,4,2,H,12,23,6,6,2223
2022-10-02,Troyes,Reims,2,2,D,19,5,6,2,2223
2022-10-02,Monaco,Nantes,4,1,H,10,7,6,2,2223
2022-10-02,Lens,Lyon,1,0,H,21,4,6,0,2223
2022-10-07,Lyon,Toulouse,1,1,D,19,5,8,2,2223
2022-10-08,Marseille,Ajaccio,1,2,A,10,6,2,1,2223
2022-10-08,Reims,Paris SG,0,0,D,24,11,4,3,2223
2022-10-09,Montpellier,Monaco,0,2,A,11,11,1,7,2223
2022-10-09,Angers,Strasbourg,2,3,A,14,15,8,7,2223
2022-10-09,Brest,Lorient,1,2,A,12,14,4,5,2223
2022-10-09,Clermont,Auxerre,2,1,H,10,14,6,5,2223
2022-10-09,Nice,Troyes,3,2,H,14,17,6,6,2223
2022-10-09,Rennes,Nantes,3,0,H,14,8,4,3,2223
2022-10-09,Lille,Lens,1,0,H,12,10,6,3,2223
2022-10-14,Strasbourg,Lille,0,3,A,12,10,1,7,2223
2022-10-15,Lorient,Reims,0,0,D,10,7,3,2,2223
2022-10-15,Lens,Montpellier,1,0,H,17,8,5,1,2223
2022-10-16,Toulouse,Angers,3,2,H,14,13,7,6,2223
2022-10-16,Auxerre,Nice,1,1,D,11,9,3,2,2223
2022-10-16,Nantes,Brest,4,1,H,17,11,6,2,2223
2022-10-16,Rennes,Lyon,3,2,H,14,7,5,5,2223
2022-10-16,Troyes,Ajaccio,1,1,D,9,15,2,7,2223
2022-10-16,Monaco,Clermont,1,1,D,6,21,4,7,2223
2022-10-16,Paris SG,Marseille,1,0,H,23,18,8,7,2223
2022-10-21,Ajaccio,Paris SG,0,3,A,8,11,1,6,2223
2022-10-22,Montpellier,Lyon,1,2,A,10,21,4,10,2223
2022-10-22,Marseille,Lens,0,1,A,13,12,3,4,2223
2022-10-23,Angers,Rennes,1,2,A,7,14,2,5,2223
2022-10-23,Clermont,Brest,1,3,A,14,19,4,11,2223
2022-10-23,Reims,Auxerre,2,1,H,19,10,10,2,2223
2022-10-23,Toulouse,Strasbourg,2,2,D,17,11,6,5,2223
2022-10-23,Troyes,Lorient,2,2,D,13,21,4,5,2223
2022-10-23,Nice,Nantes,1,1,D,11,11,5,4,2223
2022-10-23,Lille,Monaco,4,3,H,20,9,7,6,2223
2022-10-28,Lens,Toulouse,3,0,H,13,9,8,0,2223
2022-10-29,Paris SG,Troyes,4,3,H,19,16,11,5,2223
2022-10-29,Strasbourg,Marseille,2,2,D,12,13,5,5,2223
2022-10-30,Auxerre,Ajaccio,1,0,H,18,5,5,1,2223
2022-10-30,Brest,Reims,0,0,D,12,11,4,3,2223
2022-10-30,Monaco,Angers,2,0,H,8,8,5,4,2223
2022-10-30,Nantes,Clermont,1,1,D,13,10,4,6,2223
2022-10-30,Rennes,Montpellier,3,0,H,14,8,3,3,2223
2022-10-30,Lorient,Nice,1,2,A,14,16,8,5,2223
2022-10-30,Lyon,Lille,1,0,H,6,15,3,5,2223
2022-11-04,Troyes,Auxerre,1,1,D,21,13,6,2,2223
2022-11-05,Ajaccio,Strasbourg,4,2,H,12,9,7,5,2223
2022-11-05,Angers,Lens,1,2,A,6,12,3,4,2223
2022-11-06,Lorient,Paris SG,1,2,A,9,15,2,8,2223
2022-11-06,Clermont,Montpellier,1,1,D,16,7,7,3,2223
2022-11-06,Nice,Brest,1,0,H,14,12,9,2,2223
2022-11-06,Reims,Nantes,1,0,H,22,15,9,5,2223
2022-11-06,Toulouse,Monaco,0,2,A,13,24,5,10,2223
2022-11-06,Lille,Rennes,1,1,D,19,3,7,2,2223
2022-11-06,Marseille,Lyon,1,0,H,6,11,2,4,2223
2022-11-11,Lyon,Nice,1,1,D,9,13,3,3,2223
2022-11-12,Lens,Clermont,2,1,H,16,5,3,2,2223
2022-11-12,Rennes,Toulouse,2,1,H,16,10,8,4,2223
2022-11-13,Paris SG,Auxerre,5,0,H,9,9,6,3,2223
2022-11-13,Brest,Troyes,2,1,H,15,8,5,2,2223
2022-11-13,Lille,Angers,1,0,H,9,8,4,2,2223
2022-11-13,Montpellier,Reims,1,1,D,16,17,8,4,2223
2022-11-13,Nantes,Ajaccio,2,2,D,15,13,5,4,2223
2022-11-13,Strasbourg,Lorient,1,1,D,20,6,4,2,2223
2022-11-13,Monaco,Marseille,2,3,A,11,11,6,3,2223
2022-12-28,Ajaccio,Angers,1,0,H,11,14,3,4,2223
2022-12-28,Troyes,Nantes,0,0,D,6,19,2,5,2223
2022-12-28,Auxerre,Monaco,2,3,A,11,6,6,3,2223
2022-12-28,Clermont,Lille,0,2,A,9,14,3,3,2223
2022-12-28,Brest,Lyon,2,4,A,17,17,5,10,2223
2022-12-28,Paris SG,Strasbourg,2,1,H,9,10,6,3,2223
2022-12-29,Lorient,Montpellier,0,2,A,12,14,4,6,2223
2022-12-29,Reims,Rennes,3,1,H,10,11,4,5,2223
2022-12-29,Marseille,Toulouse,6,1,H,13,10,7,6,2223
2022-12-29,Nice,Lens,0,0,D,9,10,5,2,2223
2023-01-01,Angers,Lorient,1,2,A,14,10,6,5,2223
2023-01-01,Monaco,Brest,1,0,H,17,13,5,6,2223
2023-01-01,Nantes,Auxerre,1,0,H,10,14,3,6,2223
2023-01-01,Toulouse,Ajaccio,2,0,H,11,1,4,0,2223
2023-01-01,Lyon,Clermont,0,1,A,13,13,2,3,2223
2023-01-01,Lens,Paris SG,3,1,H,10,16,4,6,2223
2023-01-02,Strasbourg,Troyes,2,3,A,17,9,7,5,2223
2023-01-02,Lille,Reims,1,1,D,14,9,5,6,2223
2023-01-02,Montpellier,Marseille,1,2,A,8,18,1,9,2223
2023-01-02,Rennes,Nice,2,1,H,20,7,5,3,2223
2023-01-11,Ajaccio,Reims,0,1,A,11,9,1,3,2223
2023-01-11,Auxerre,Toulouse,0,5,A,19,9,4,7,2223
2023-01-11,Brest,Lille,0,0,D,5,11,0,4,2223
2023-01-11,Clermont,Rennes,2,1,H,11,9,5,2,2223
2023-01-11,Nantes,Lyon,0,0,D,13,10,5,6,2223
2023-01-11,Lorient,Monaco,2,2,D,8,16,6,4,2223
2023-01-11,Nice,Montpellier,6,1,H,16,4,10,2,2223
2023-01-11,Paris SG,Angers,2,0,H,9,6,6,0,2223
2023-01-11,Strasbourg,Lens,2,2,D,9,15,6,8,2223
2023-01-11,Troyes,Marseille,0,2,A,5,13,1,4,2223
2023-01-14,Lens,Auxerre,1,0,H,10,6,2,1,2223
2023-01-14,Marseille,Lorient,3,1,H,16,11,8,3,2223
2023-01-14,Lyon,Strasbourg,1,2,A,28,8,7,6,2223
2023-01-15,Lille,Troyes,5,1,H,23,10,13,2,2223
2023-01-15,Angers,Clermont,1,2,A,5,10,1,6,2223
2023-01-15,Montpellier,Nantes,0,3,A,11,12,5,7,2223
2023-01-15,Reims,Nice,0,0,D,13,6,2,4,2223
2023-01-15,Toulouse,Brest,1,1,D,16,17,7,5,2223
2023-01-15,Monaco,Ajaccio,7,1,H,11,5,8,2,2223
2023-01-15,Rennes,Paris SG,1,0,H,8,8,6,1,2223
2023-01-27,Lorient,Rennes,2,1,H,4,19,4,6,2223
2023-01-28,Troyes,Lens,1,1,D,6,21,1,5,2223
2023-01-28,Marseille,Monaco,1,1,D,22,11,6,4,2223
2023-01-29,Nice,Lille,1,0,H,12,16,6,7,2223
2023-01-29,Auxerre,Montpellier,0,2,A,16,4,5,3,2223
2023-01-29,Brest,Angers,4,0,H,9,8,7,1,2223
2023-01-29,Clermont,Nantes,0,0,D,9,4,0,0,2223
2023-01-29,Strasbourg,Toulouse,1,2,A,11,10,2,3,2223
2023-01-29,Ajaccio,Lyon,0,2,A,16,8,5,2,2223
2023-01-29,Paris SG,Reims,1,1,D,12,17,5,4,2223
2023-02-01,Angers,Ajaccio,1,2,A,6,9,2,4,2223
2023-02-01,Lille,Clermont,0,0,D,22,13,5,5,2223
2023-02-01,Nantes,Marseille,0,2,A,12,13,2,4,2223
2023-02-01,Reims,Lorient,4,2,H,31,12,9,5,2223
2023-02-01,Toulouse,Troyes,4,1,H,13,11,6,3,2223
2023-02-01,Lens,Nice,0,1,A,9,14,4,6,2223
2023-02-01,Lyon,Brest,0,0,D,28,8,8,1,2223
2023-02-01,Monaco,Auxerre,3,2,H,16,11,6,3,2223
2023-02-01,Montpellier,Paris SG,1,3,A,6,19,3,8,2223
2023-02-01,Rennes,Strasbourg,3,0,H,6,3,3,0,2223
2023-02-04,Paris SG,Toulouse,2,1,H,22,14,5,5,2223
2023-02-04,Troyes,Lyon,1,3,A,8,10,2,6,2223
2023-02-04,Rennes,Lille,1,3,A,10,15,6,6,2223
2023-02-05,Clermont,Monaco,0,2,A,8,14,3,5,2223
2023-02-05,Ajaccio,Nantes,0,2,A,8,7,2,3,2223
2023-02-05,Auxerre,Reims,0,0,D,12,8,3,4,2223
2023-02-05,Lorient,Angers,0,0,D,13,13,2,5,2223
2023-02-05,Strasbourg,Montpellier,2,0,H,6,11,2,0,2223
2023-02-05,Brest,Lens,1,1,D,16,20,3,7,2223
2023-02-05,Marseille,Nice,1,3,A,22,14,5,8,2223
2023-02-10,Nice,Ajaccio,3,0,H,11,6,3,3,2223
2023-02-11,Monaco,Paris SG,3,1,H,19,7,9,2,2223
2023-02-11,Clermont,Marseille,0,2,A,9,17,4,5,2223
2023-02-12,Toulouse,Rennes,3,1,H,13,13,7,4,2223
2023-02-12,Angers,Auxerre,1,1,D,10,15,5,4,2223
2023-02-12,Lille,Strasbourg,2,0,H,14,5,10,0,2223
2023-02-12,Montpellier,Brest,3,0,H,16,10,7,2,2223
2023-02-12,Reims,Troyes,4,0,H,20,7,10,2,2223
2023-02-12,Nantes,Lorient,1,0,H,13,9,6,5,2223
2023-02-12,Lyon,Lens,2,1,H,11,14,5,4,2223
2023-02-17,Auxerre,Lyon,2,1,H,8,6,3,4,2223
2023-02-18,Nice,Reims,0,0,D,16,10,1,2,2223
2023-02-18,Strasbourg,Angers,2,1,H,18,10,5,3,2223
2023-02-19,Paris SG,Lille,4,3,H,12,16,10,7,2223
2023-02-19,Brest,Monaco,1,2,A,13,10,3,3,2223
2023-02-19,Lorient,Ajaccio,3,0,H,10,12,6,3,2223
2023-02-19,Rennes,Clermont,2,0,H,18,7,6,3,2223
2023-02-19,Troyes,Montpellier,0,1,A,4,19,2,7,2223
2023-02-19,Lens,Nantes,3,1,H,19,6,6,3,2223
2023-02-19,Toulouse,Marseille,2,3,A,15,15,6,7,2223
2023-02-24,Lille,Brest,2,1,H,18,3,4,0,2223
2023-02-25,Angers,Lyon,1,3,A,11,7,2,5,2223
2023-02-25,Montpellier,Lens,1,1,D,8,19,3,6,2223
2023-02-26,Lorient,Auxerre,0,1,A,18,9,4,1,2223
2023-02-26,Ajaccio,Troyes,2,1,H,14,11,6,5,2223
2023-02-26,Clermont,Strasbourg,1,1,D,11,12,4,6,2223
2023-02-26,Nantes,Rennes,0,1,A,20,11,7,3,2223
2023-02-26,Reims,Toulouse,3,0,H,18,13,6,6,2223
2023-02-26,Monaco,Nice,0,3,A,15,12,4,7,2223
2023-02-26,Marseille,Paris SG,0,3,A,19,12,6,7,2223
2023-03-03,Nice,Auxerre,1,1,D,17,3,5,1,2223
2023-03-04,Lens,Lille,1,1,D,10,11,1,6,2223
2023-03-04,Paris SG,Nantes,4,2,H,17,8,11,5,2223
2023-03-05,Troyes,Monaco,2,2,D,13,17,6,4,2223
2023-03-05,Montpellier,Angers,5,0,H,15,10,8,4,2223
2023-03-05,Reims,Ajaccio,1,0,H,12,5,3,1,2223
2023-03-05,Strasbourg,Brest,0,1,A,17,8,4,1,2223
2023-03-05,Toulouse,Clermont,0,1,A,9,12,0,3,2223
2023-03-05,Lyon,Lorient,0,0,D,17,11,5,1,2223
2023-03-05,Rennes,Marseille,0,1,A,13,11,2,4,2223
2023-03-10,Lille,Lyon,3,3,D,8,6,6,5,2223
2023-03-11,Auxerre,Rennes,0,0,D,12,7,0,2,2223
2023-03-11,Brest,Paris SG,1,2,A,7,17,2,8,2223
2023-03-12,Clermont,Lens,0,4,A,9,13,6,6,2223
2023-03-12,Ajaccio,Montpellier,0,1,A,7,12,1,4,2223
2023-03-12,Angers,Toulouse,0,2,A,13,8,2,5,2223
2023-03-12,Lorient,Troyes,2,0,H,16,9,6,2,2223
2023-03-12,Nantes,Nice,2,2,D,10,16,3,8,2223
2023-03-12,Monaco,Reims,0,1,A,14,17,3,8,2223
2023-03-12,Marseille,Strasbourg,2,2,D,7,24,4,9,2223
2023-03-17,Lyon,Nantes,1,1,D,11,11,6,5,2223
2023-03-18,Toulouse,Lille,0,2,A,16,18,4,5,2223
2023-03-18,Lens,Angers,3,0,H,12,3,6,1,2223
2023-03-19,Ajaccio,Monaco,0,2,A,10,8,1,4,2223
2023-03-19,Montpellier,Clermont,2,1,H,23,16,9,8,2223
2023-03-19,Nice,Lorient,1,1,D,16,9,1,3,2223
2023-03-19,Strasbourg,Auxerre,2,0,H,13,8,6,1,2223
2023-03-19,Troyes,Brest,2,2,D,15,9,5,2,2223
2023-03-19,Paris SG,Rennes,0,2,A,17,10,8,3,2223
2023-03-19,Reims,Marseille,1,2,A,19,12,6,5,2223
2023-03-31,Marseille,Montpellier,1,1,D,13,9,2,3,2223
2023-04-01,Auxerre,Troyes,1,0,H,13,14,5,2,2223
2023-04-01,Rennes,Lens,0,1,A,10,12,3,4,2223
2023-04-02,Lille,Lorient,3,1,H,20,2,7,1,2223
2023-04-02,Angers,Nice,1,1,D,13,12,6,3,2223
2023-04-02,Brest,Toulouse,3,1,H,17,8,7,3,2223
2023-04-02,Clermont,Ajaccio,2,1,H,14,3,6,2,2223
2023-04-02,Nantes,Reims,0,3,A,12,14,6,9,2223
2023-04-02,Monaco,Strasbourg,4,3,H,9,13,7,6,2223
2023-04-02,Paris SG,Lyon,0,1,A,16,10,5,3,2223
2023-04-07,Lens,Strasbourg,2,1,H,13,13,9,3,2223
2023-04-08,Angers,Lille,1,0,H,7,15,5,5,2223
2023-04-08,Nice,Paris SG,0,2,A,21,13,7,4,2223
2023-04-09,Lyon,Rennes,3,1,H,11,11,3,3,2223
2023-04-09,Ajaccio,Auxerre,0,3,A,9,11,2,4,2223
2023-04-09,Montpellier,Toulouse,1,2,A,16,15,8,8,2223
2023-04-09,Reims,Brest,1,1,D,22,12,7,5,2223
2023-04-09,Troyes,Clermont,0,2,A,9,12,3,4,2223
2023-04-09,Nantes,Monaco,2,2,D,9,16,2,10,2223
2023-04-09,Lorient,Marseille,0,0,D,9,13,5,2,2223
2023-04-14,Toulouse,Lyon,1,2,A,13,14,6,3,2223
2023-04-15,Rennes,Reims,3,0,H,23,5,8,1,2223
2023-04-15,Paris SG,Lens,3,1,H,15,14,7,7,2223
2023-04-16,Lille,Montpellier,2,1,H,17,4,7,1,2223
2023-04-16,Auxerre,Nantes,2,1,H,13,17,7,7,2223
2023-04-16,Brest,Nice,1,0,H,14,12,3,6,2223
2023-04-16,Clermont,Angers,2,1,H,12,7,5,4,2223
2023-04-16,Strasbourg,Ajaccio,3,1,H,12,8,6,1,2223
2023-04-16,Monaco,Lorient,3,1,H,11,7,7,4,2223
2023-04-16,Marseille,Troyes,3,1,H,28,4,6,2,2223
2023-04-21,Angers,Paris SG,1,2,A,16,10,4,4,2223
2023-04-22,Auxerre,Lille,1,1,D,8,14,4,6,2223
2023-04-22,Lens,Monaco,3,0,H,21,11,8,4,2223
2023-04-23,Reims,Strasbourg,0,2,A,15,9,5,3,2223
2023-04-23,Ajaccio,Brest,0,0,D,3,10,2,2,2223
2023-04-23,Lorient,Toulouse,0,1,A,9,13,1,4,2223
2023-04-23,Nantes,Troyes,2,2,D,19,9,9,4,2223
2023-04-23,Nice,Clermont,1,2,A,15,9,5,3,2223
2023-04-23,Montpellier,Rennes,1,0,H,11,16,2,4,2223
2023-04-23,Lyon,Marseille,1,2,A,7,14,2,7,2223
2023-04-28,Strasbourg,Lyon,1,2,A,11,7,3,4,2223
2023-04-29,Lille,Ajaccio,3,0,H,10,2,5,0,2223
2023-04-30,Monaco,Montpellier,0,4,A,7,19,4,9,2223
2023-04-30,Clermont,Reims,1,0,H,6,13,2,2,2223
2023-04-30,Rennes,Angers,4,2,H,13,4,4,2,2223
2023-04-30,Troyes,Nice,0,1,A,9,29,6,13,2223
2023-04-30,Paris SG,Lorient,1,3,A,13,14,4,7,2223
2023-04-30,Marseille,Auxerre,2,1,H,26,11,4,3,2223
2023-05-02,Toulouse,Lens,0,1,A,9,11,2,3,2223
2023-05-03,Brest,Nantes,2,0,H,8,13,4,5,2223
2023-05-06,Nice,Rennes,2,1,H,11,14,4,4,2223
2023-05-06,Reims,Lille,1,0,H,14,11,4,5,2223
2023-05-06,Lens,Marseille,2,1,H,9,14,3,3,2223
2023-05-07,Angers,Monaco,1,2,A,10,14,3,6,2223
2023-05-07,Ajaccio,Toulouse,0,0,D,4,15,2,5,2223
2023-05-07,Auxerre,Clermont,1,1,D,11,9,4,4,2223
2023-05-07,Lorient,Brest,2,1,H,6,15,3,2,2223
2023-05-07,Nantes,Strasbourg,0,2,A,13,8,5,6,2223
2023-05-07,Lyon,Montpellier,5,4,H,16,12,8,6,2223
2023-05-07,Troyes,Paris SG,1,3,A,7,31,3,12,2223
2023-05-12,Lens,Reims,2,1,H,8,17,6,3,2223
2023-05-13,Strasbourg,Nice,2,0,H,12,9,3,4,2223
2023-05-13,Paris SG,Ajaccio,5,0,H,16,7,9,2,2223
2023-05-14,Clermont,Lyon,2,1,H,9,15,6,4,2223
2023-05-14,Brest,Auxerre,1,0,H,15,10,10,2,2223
2023-05-14,Montpellier,Lorient,1,1,D,15,11,4,3,2223
2023-05-14,Rennes,Troyes,4,0,H,26,4,9,0,2223
2023-05-14,Toulouse,Nantes,0,0,D,14,8,6,1,2223
2023-05-14,Monaco,Lille,0,0,D,8,10,1,4,2223
2023-05-14,Marseille,Angers,3,1,H,14,4,6,1,2223
2023-05-19,Lyon,Monaco,3,1,H,22,16,11,9,2223
2023-05-20,Nantes,Montpellier,0,3,A,13,13,3,6,2223
2023-05-20,Lille,Marseille,2,1,H,12,8,3,3,2223
2023-05-21,Ajaccio,Rennes,0,5,A,2,13,0,7,2223
2023-05-21,Brest,Clermont,2,1,H,10,8,3,2,2223
2023-05-21,Nice,Toulouse,0,0,D,21,7,7,4,2223
2023-05-21,Reims,Angers,2,2,D,11,7,5,3,2223
2023-05-21,Troyes,Strasbourg,1,1,D,8,16,3,5,2223
2023-05-21,Lorient,Lens,1,3,A,13,15,5,7,2223
2023-05-21,Auxerre,Paris SG,1,2,A,14,15,7,4,2223
2023-05-27,Angers,Troyes,2,1,H,18,5,5,3,2223
2023-05-27,Clermont,Lorient,2,0,H,18,6,7,1,2223
2023-05-27,Lens,Ajaccio,3,0,H,12,6,3,0,2223
2023-05-27,Lille,Nantes,2,1,H,9,8,2,3,2223
2023-05-27,Lyon,Reims,3,0,H,23,10,7,1,2223
2023-05-27,Marseille,Brest,1,2,A,10,15,4,5,2223
2023-05-27,Montpellier,Nice,2,3,A,14,23,8,15,2223
2023-05-27,Rennes,Monaco,2,0,H,12,11,6,3,2223
2023-05-27,Strasbourg,Paris SG,1,1,D,17,7,5,2,2223
2023-05-27,Toulouse,Auxerre,1,1,D,10,16,3,2,2223
2023-06-03,Ajaccio,Marseille,1,0,H,3,17,1,5,2223
2023-06-03,Auxerre,Lens,1,3,A,17,15,5,7,2223
2023-06-03,Brest,Rennes,1,2,A,14,12,5,3,2223
2023-06-03,Lorient,Strasbourg,2,1,H,5,15,3,7,2223
2023-06-03,Monaco,Toulouse,1,2,A,19,22,7,8,2223
2023-06-03,Nantes,Angers,1,0,H,11,5,7,1,2223
2023-06-03,Nice,Lyon,3,1,H,16,16,6,7,2223
2023-06-03,Paris SG,Clermont,2,3,A,16,12,6,5,2223
2023-06-03,Reims,Montpellier,1,3,A,11,16,5,8,2223
2023-06-03,Troyes,Lille,1,1,D,8,18,3,7,2223
2023-08-11,Nice,Lille,1,1,D,8,12,3,5,2324
2023-08-12,Marseille,Reims,2,1,H,14,11,4,4,2324
2023-08-12,Paris SG,Lorient,0,0,D,20,4,4,0,2324
2023-08-13,Brest,Lens,3,2,H,15,10,8,2,2324
2023-08-13,Clermont,Monaco,2,4,A,15,14,7,8,2324
2023-08-13,Montpellier,Le Havre,2,2,D,15,12,5,4,2324
2023-08-13,Nantes,Toulouse,1,2,A,9,9,4,5,2324
2023-08-13,Rennes,Metz,5,1,H,29,9,14,3,2324
2023-08-13,Strasbourg,Lyon,2,1,H,8,23,2,7,2324
2023-08-18,Metz,Marseille,2,2,D,10,22,5,5,2324
2023-08-19,Lyon,Montpellier,1,4,A,7,14,3,8,2324
2023-08-19,Toulouse,Paris SG,1,1,D,8,16,2,3,2324
2023-08-20,Lille,Nantes,2,0,H,18,14,8,4,2324
2023-08-20,Le Havre,Brest,1,2,A,18,10,7,5,2324
2023-08-20,Lorient,Nice,1,1,D,9,21,2,8,2324
2023-08-20,Reims,Clermont,2,0,H,8,11,4,4,2324
2023-08-20,Monaco,Strasbourg,3,0,H,9,4,4,1,2324
2023-08-20,Lens,Rennes,1,1,D,15,10,4,5,2324
2023-08-25,Nantes,Monaco,3,3,D,3,27,3,10,2324
2023-08-26,Marseille,Brest,2,0,H,15,18,6,7,2324
2023-08-26,Paris SG,Lens,3,1,H,17,12,7,4,2324
2023-08-27,Rennes,Le Havre,2,2,D,22,7,8,3,2324
2023-08-27,Clermont,Metz,0,1,A,16,10,4,5,2324
2023-08-27,Montpellier,Reims,1,3,A,19,12,3,6,2324
2023-08-27,Strasbourg,Toulouse,2,0,H,11,7,3,1,2324
2023-08-27,Lorient,Lille,4,1,H,9,18,6,7,2324
2023-08-27,Nice,Lyon,0,0,D,21,6,4,1,2324
2023-09-01,Nantes,Marseille,1,1,D,10,26,2,9,2324
2023-09-02,Brest,Rennes,0,0,D,13,6,2,3,2324
2023-09-02,Monaco,Lens,3,0,H,11,12,6,1,2324
2023-09-03,Toulouse,Clermont,2,2,D,9,15,5,3,2324
2023-09-03,Le Havre,Lorient,3,0,H,17,9,6,2,2324
2023-09-03,Lille,Montpellier,1,0,H,15,9,6,5,2324
2023-09-03,Metz,Reims,2,2,D,12,12,4,2,2324
2023-09-03,Nice,Strasbourg,2,0,H,16,4,6,0,2324
2023-09-03,Lyon,Paris SG,1,4,A,19,22,8,8,2324
2023-09-15,Paris SG,Nice,2,3,A,12,14,3,8,2324
2023-09-16,Rennes,Lille,2,2,D,7,10,4,6,2324
2023-09-16,Lens,Metz,0,1,A,31,2,10,2,2324
2023-09-17,Lorient,Monaco,2,2,D,10,20,3,7,2324
2023-09-17,Clermont,Nantes,0,1,A,16,8,3,5,2324
2023-09-17,Reims,Brest,1,2,A,13,18,7,7,2324
2023-09-17,Strasbourg,Montpellier,2,2,D,14,11,7,4,2324
2023-09-17,Marseille,Toulouse,0,0,D,24,10,6,3,2324
2023-09-17,Lyon,Le Havre,0,0,D,23,7,7,0,2324
2023-09-22,Monaco,Nice,0,1,A,9,13,3,7,2324
2023-09-23,Nantes,Lorient,5,3,H,19,10,9,7,2324
2023-09-23,Brest,Lyon,1,0,H,27,6,11,3,2324
2023-09-24,Metz,Strasbourg,0,1,A,13,4,1,1,2324
2023-09-24,Le Havre,Clermont,2,1,H,9,11,3,4,2324
2023-09-24,Lens,Toulouse,2,1,H,27,7,7,2,2324
2023-09-24,Montpellier,Rennes,0,0,D,13,18,4,6,2324
2023-09-24,Paris SG,Marseille,4,0,H,15,6,5,0,2324
2023-09-26,Lille,Reims,1,2,A,14,4,3,4,2324
2023-09-29,Strasbourg,Lens,0,1,A,8,9,2,2,2324
2023-09-30,Clermont,Paris SG,0,0,D,12,21,3,10,2324
2023-09-30,Monaco,Marseille,3,2,H,10,8,7,4,2324
2023-10-01,Reims,Lyon,2,0,H,8,11,3,6,2324
2023-10-01,Le Havre,Lille,0,2,A,5,16,0,6,2324
2023-10-01,Nice,Brest,0,0,D,12,7,1,2,2324
2023-10-01,Toulouse,Metz,3,0,H,15,8,10,3,2324
2023-10-01,Lorient,Montpellier,0,3,A,14,14,3,8,2324
2023-10-01,Rennes,Nantes,3,1,H,16,10,5,3,2324
2023-10-06,Strasbourg,Nantes,1,2,A,11,16,3,7,2324
2023-10-07,Metz,Nice,0,1,A,10,7,3,4,2324
2023-10-07,Reims,Monaco,1,3,A,11,11,4,4,2324
2023-10-08,Marseille,Le Havre,3,0,H,14,7,6,1,2324
2023-10-08,Brest,Toulouse,1,1,D,13,9,2,3,2324
2023-10-08,Lyon,Lorient,3,3,D,9,6,6,5,2324
2023-10-08,Lens,Lille,1,1,D,14,8,5,3,2324
2023-10-08,Rennes,Paris SG,1,3,A,14,17,4,7,2324
2023-10-20,Le Havre,Lens,0,0,D,14,13,5,7,2324
2023-10-21,Paris SG,Strasbourg,3,0,H,8,7,4,1,2324
2023-10-21,Nice,Marseille,1,0,H,10,9,2,1,2324
2023-10-22,Lorient,Rennes,2,1,H,5,20,4,6,2324
2023-10-22,Lille,Brest,1,0,H,6,9,4,1,2324
2023-10-22,Nantes,Montpellier,2,0,H,14,11,5,6,2324
2023-10-22,Toulouse,Reims,1,1,D,11,15,5,4,2324
2023-10-22,Monaco,Metz,2,1,H,27,8,13,4,2324
2023-10-22,Lyon,Clermont,1,2,A,25,12,6,5,2324
2023-10-27,Clermont,Nice,0,1,A,8,11,3,5,2324
2023-10-28,Reims,Lorient,1,0,H,12,9,5,1,2324
2023-10-28,Lens,Nantes,4,0,H,11,11,7,1,2324
2023-10-29,Brest,Paris SG,2,3,A,20,17,5,10,2324
2023-10-29,Lille,Monaco,2,0,H,7,16,5,6,2324
2023-10-29,Metz,Le Havre,0,0,D,9,12,3,1,2324
2023-10-29,Montpellier,Toulouse,3,0,H,19,16,6,5,2324
2023-10-29,Rennes,Strasbourg,1,1,D,20,11,3,3,2324
2023-11-03,Paris SG,Montpellier,3,0,H,21,7,10,2,2324
2023-11-04,Lorient,Lens,0,0,D,7,14,2,7,2324
2023-11-04,Marseille,Lille,0,0,D,8,10,3,1,2324
2023-11-05,Lyon,Metz,1,1,D,15,10,4,5,2324
2023-11-05,Nantes,Reims,0,1,A,17,7,4,4,2324
2023-11-05,Strasbourg,Clermont,0,0,D,18,10,5,2,2324
2023-11-05,Toulouse,Le Havre,1,2,A,17,15,5,7,2324
2023-11-05,Monaco,Brest,2,0,H,12,15,6,1,2324
2023-11-05,Nice,Rennes,2,0,H,16,11,4,4,2324
2023-11-10,Montpellier,Nice,0,0,D,9,15,1,4,2324
2023-11-11,Reims,Paris SG,0,3,A,19,14,6,6,2324
2023-11-11,Le Havre,Monaco,0,0,D,9,10,5,4,2324
2023-11-12,Clermont,Lorient,1,0,H,17,10,6,3,2324
2023-11-12,Lille,Toulouse,1,1,D,13,2,6,1,2324
2023-11-12,Metz,Nantes,3,1,H,9,16,4,3,2324
2023-11-12,Rennes,Lyon,0,1,A,8,12,2,5,2324
2023-11-12,Lens,Marseille,1,0,H,14,8,3,2,2324
2023-11-24,Paris SG,Monaco,5,2,H,16,14,11,7,2324
2023-11-25,Clermont,Lens,0,3,A,13,16,4,10,2324
2023-11-25,Strasbourg,Marseille,1,1,D,15,16,7,3,2324
2023-11-26,Nice,Toulouse,1,0,H,8,19,3,3,2324
2023-11-26,Lorient,Metz,2,3,A,11,14,5,5,2324
2023-11-26,Montpellier,Brest,1,3,A,17,17,5,5,2324
2023-11-26,Nantes,Le Havre,0,0,D,19,6,3,0,2324
2023-11-26,Rennes,Reims,3,1,H,10,15,5,5,2324
2023-11-26,Lyon,Lille,0,2,A,11,15,5,8,2324
2023-11-29,Montpellier,Clermont,1,1,D,32,5,10,1,2324
2023-12-01,Reims,Strasbourg,2,1,H,13,10,4,3,2324
2023-12-02,Lens,Lyon,3,2,H,10,12,7,7,2324
2023-12-02,Nantes,Nice,1,0,H,13,13,4,6,2324
2023-12-03,Le Havre,Paris SG,0,2,A,22,9,7,5,2324
2023-12-03,Brest,Clermont,3,0,H,12,10,7,1,2324
2023-12-03,Monaco,Montpellier,2,0,H,27,9,9,4,2324
2023-12-03,Toulouse,Lorient,1,1,D,11,11,6,5,2324
2023-12-03,Lille,Metz,2,0,H,16,7,6,4,2324
2023-12-03,Marseille,Rennes,2,0,H,5,10,2,0,2324
2023-12-06,Marseille,Lyon,3,0,H,12,6,5,1,2324
2023-12-07,Brest,Strasbourg,1,1,D,13,9,3,5,2324
2023-12-08,Montpellier,Lens,0,0,D,18,13,4,5,2324
2023-12-09,Rennes,Monaco,1,2,A,15,12,5,5,2324
2023-12-09,Paris SG,Nantes,2,1,H,16,10,6,4,2324
2023-12-10,Nice,Reims,2,1,H,15,9,5,2,2324
2023-12-10,Clermont,Lille,0,0,D,16,12,5,3,2324
2023-12-10,Metz,Brest,0,1,A,6,4,3,3,2324
2023-12-10,Strasbourg,Le Havre,2,1,H,12,15,3,3,2324
2023-12-10,Lyon,Toulouse,3,0,H,15,16,7,6,2324
2023-12-10,Lorient,Marseille,2,4,A,15,18,9,8,2324
2023-12-15,Monaco,Lyon,0,1,A,19,5,4,2,2324
2023-12-16,Le Havre,Nice,3,1,H,9,13,5,6,2324
2023-12-16,Lens,Reims,2,0,H,7,14,2,3,2324
2023-12-17,Nantes,Brest,0,2,A,12,14,4,8,2324
2023-12-17,Lorient,Strasbourg,1,2,A,7,12,1,9,2324
2023-12-17,Metz,Montpellier,0,1,A,19,6,4,3,2324
2023-12-17,Toulouse,Rennes,0,0,D,15,11,6,4,2324
2023-12-17,Marseille,Clermont,2,1,H,15,5,6,2,2324
2023-12-17,Lille,Paris SG,1,1,D,15,10,3,2,2324
2023-12-20,Brest,Lorient,4,0,H,12,7,7,3,2324
2023-12-20,Clermont,Rennes,1,3,A,14,25,6,11,2324
2023-12-20,Lyon,Nantes,1,0,H,8,7,7,0,2324
2023-12-20,Montpellier,Marseille,1,1,D,12,17,6,4,2324
2023-12-20,Nice,Lens,2,0,H,14,10,5,3,2324
2023-12-20,Paris SG,Metz,3,1,H,13,3,5,1,2324
2023-12-20,Reims,Le Havre,1,0,H,22,4,7,1,2324
2023-12-20,Strasbourg,Lille,2,1,H,9,9,2,2,2324
2023-12-20,Toulouse,Monaco,1,2,A,20,12,5,4,2324
2024-01-12,Marseille,Strasbourg,1,1,D,8,18,2,4,2324
2024-01-13,Monaco,Reims,1,3,A,9,12,5,5,2324
2024-01-13,Rennes,Nice,2,0,H,15,9,5,2,2324
2024-01-14,Lille,Lorient,3,0,H,24,1,10,0,2324
2024-01-14,Brest,Montpellier,2,0,H,26,9,9,4,2324
2024-01-14,Metz,Toulouse,0,1,A,14,4,2,2,2324
2024-01-14,Nantes,Clermont,1,2,A,20,15,9,6,2324
2024-01-14,Le Havre,Lyon,3,1,H,14,9,7,2,2324
2024-01-14,Lens,Paris SG,0,2,A,17,15,5,7,2324
2024-01-26,Lyon,Rennes,2,3,A,12,11,6,5,2324
2024-01-27,Nice,Metz,1,0,H,15,2,9,1,2324
2024-01-27,Marseille,Monaco,2,2,D,22,6,9,5,2324
2024-01-28,Montpellier,Lille,0,0,D,12,12,7,0,2324
2024-01-28,Clermont,Strasbourg,1,1,D,14,6,6,2,2324
2024-01-28,Lorient,Le Havre,3,3,D,13,14,6,5,2324
2024-01-28,Reims,Nantes,0,0,D,10,7,1,5,2324
2024-01-28,Toulouse,Lens,0,2,A,13,13,4,5,2324
2024-01-28,Paris SG,Brest,2,2,D,10,9,4,6,2324
2024-02-02,Strasbourg,Paris SG,1,2,A,20,9,8,5,2324
2024-02-03,Rennes,Montpellier,2,1,H,9,17,3,9,2324
2024-02-03,Nantes,Lens,0,1,A,7,12,2,4,2324
2024-02-04,Monaco,Le Havre,1,1,D,17,3,5,0,2324
2024-02-04,Lille,Clermont,4,0,H,23,4,13,3,2324
2024-02-04,Metz,Lorient,1,2,A,10,12,3,4,2324
2024-02-04,Reims,Toulouse,2,3,A,17,9,5,4,2324
2024-02-04,Brest,Nice,0,0,D,17,13,2,1,2324
2024-02-04,Lyon,Marseille,1,0,H,12,8,7,1,2324
2024-02-09,Marseille,Metz,1,1,D,18,7,6,3,2324
2024-02-10,Lens,Strasbourg,3,1,H,10,19,6,5,2324
2024-02-10,Paris SG,Lille,3,1,H,16,10,8,3,2324
2024-02-11,Le Havre,Rennes,0,1,A,13,11,5,2,2324
2024-02-11,Clermont,Brest,1,1,D,7,15,2,9,2324
2024-02-11,Lorient,Reims,2,0,H,17,23,5,6,2324
2024-02-11,Toulouse,Nantes,1,2,A,16,5,3,2,2324
2024-02-11,Montpellier,Lyon,1,2,A,15,19,8,5,2324
2024-02-11,Nice,Monaco,2,3,A,15,9,5,5,2324
2024-02-16,Lyon,Nice,1,0,H,9,20,1,6,2324
2024-02-17,Lille,Le Havre,3,0,H,17,6,8,2,2324
2024-02-17,Nantes,Paris SG,0,2,A,12,12,7,2,2324
2024-02-18,Strasbourg,Lorient,1,3,A,18,13,4,6,2324
2024-02-18,Monaco,Toulouse,1,2,A,22,14,5,7,2324
2024-02-18,Montpellier,Metz,3,0,H,21,14,7,4,2324
2024-02-18,Rennes,Clermont,3,1,H,16,14,8,5,2324
2024-02-18,Reims,Lens,1,1,D,11,9,2,1,2324
2024-02-18,Brest,Marseille,1,0,H,15,9,5,2,2324
2024-02-23,Metz,Lyon,1,2,A,15,11,4,5,2324
2024-02-24,Lorient,Nantes,0,1,A,6,7,1,6,2324
2024-02-24,Strasbourg,Brest,0,3,A,6,15,2,8,2324
2024-02-25,Lens,Monaco,2,3,A,20,15,10,9,2324
2024-02-25,Le Havre,Reims,1,2,A,18,16,4,5,2324
2024-02-25,Nice,Clermont,0,0,D,23,13,4,5,2324
2024-02-25,Toulouse,Lille,3,1,H,14,12,4,2,2324
2024-02-25,Paris SG,Rennes,1,1,D,15,3,3,1,2324
2024-02-25,Marseille,Montpellier,4,1,H,16,9,6,4,2324
2024-03-01,Monaco,Paris SG,0,0,D,14,14,6,7,2324
2024-03-02,Reims,Lille,0,1,A,8,8,3,3,2324
2024-03-02,Clermont,Marseille,1,5,A,7,17,2,11,2324
2024-03-03,Toulouse,Nice,2,1,H,17,9,6,6,2324
2024-03-03,Brest,Le Havre,1,0,H,8,11,4,2,2324
2024-03-03,Montpellier,Strasbourg,2,2,D,21,12,7,4,2324
2024-03-03,Nantes,Metz,0,2,A,9,13,2,4,2324
2024-03-03,Rennes,Lorient,1,2,A,22,12,6,6,2324
2024-03-03,Lyon,Lens,0,3,A,13,18,4,8,2324
2024-03-08,Nice,Montpellier,1,2,A,19,7,5,2,2324
2024-03-09,Lorient,Lyon,0,2,A,9,13,0,6,2324
2024-03-09,Lens,Brest,1,0,H,6,9,2,3,2324
2024-03-10,Paris SG,Reims,2,2,D,19,8,6,3,2324
2024-03-10,Le Havre,Toulouse,1,0,H,12,5,4,0,2324
2024-03-10,Metz,Clermont,1,0,H,11,13,2,6,2324
2024-03-10,Strasbourg,Monaco,0,1,A,8,17,1,6,2324
2024-03-10,Lille,Rennes,2,2,D,15,11,8,3,2324
2024-03-10,Marseille,Nantes,2,0,H,12,10,4,3,2324
2024-03-15,Toulouse,Lyon,2,3,A,13,18,5,6,2324
2024-03-16,Nantes,Strasbourg,1,3,A,11,11,2,6,2324
2024-03-16,Lens,Nice,1,3,A,20,7,4,3,2324
2024-03-17,Brest,Lille,1,1,D,16,13,4,8,2324
2024-03-17,Clermont,Le Havre,2,1,H,9,14,4,5,2324
2024-03-17,Monaco,Lorient,2,2,D,23,11,8,6,2324
2024-03-17,Reims,Metz,2,1,H,17,12,7,4,2324
2024-03-17,Rennes,Marseille,2,0,H,7,8,4,1,2324
2024-03-17,Montpellier,Paris SG,2,6,A,12,16,7,9,2324
2024-03-29,Lille,Lens,2,1,H,15,9,6,3,2324
2024-03-30,Metz,Monaco,2,5,A,13,17,7,7,2324
2024-03-30,Lyon,Reims,1,1,D,16,17,3,5,2324
2024-03-31,Lorient,Brest,0,1,A,11,10,5,2,2324
2024-03-31,Clermont,Toulouse,0,3,A,15,11,5,5,2324
2024-03-31,Le Havre,Montpellier,0,2,A,14,14,3,5,2324
2024-03-31,Nice,Nantes,1,2,A,12,13,3,4,2324
2024-03-31,Strasbourg,Rennes,2,0,H,14,12,7,0,2324
2024-03-31,Marseille,Paris SG,0,2,A,22,8,10,3,2324
2024-04-05,Lille,Marseille,3,1,H,14,13,6,4,2324
2024-04-06,Lens,Le Havre,1,1,D,18,11,8,3,2324
2024-04-06,Paris SG,Clermont,1,1,D,23,6,7,3,2324
2024-04-07,Brest,Metz,4,3,H,24,8,10,6,2324
2024-04-07,Montpellier,Lorient,2,0,H,13,19,5,5,2324
2024-04-07,Reims,Nice,0,0,D,10,18,3,3,2324
2024-04-07,Toulouse,Strasbourg,0,0,D,11,8,2,1,2324
2024-04-07,Monaco,Rennes,1,0,H,16,12,5,7,2324
2024-04-07,Nantes,Lyon,1,3,A,14,19,6,10,2324
2024-04-12,Metz,Lens,2,1,H,11,17,5,2,2324
2024-04-13,Strasbourg,Reims,3,1,H,13,8,6,2,2324
2024-04-13,Rennes,Toulouse,1,2,A,19,10,4,3,2324
2024-04-14,Le Havre,Nantes,0,1,A,10,12,1,4,2324
2024-04-14,Clermont,Montpellier,1,1,D,10,14,2,6,2324
2024-04-14,Lyon,Brest,4,3,H,16,22,8,7,2324
2024-04-19,Nice,Lorient,3,0,H,19,9,10,4,2324
2024-04-20,Nantes,Rennes,0,3,A,6,14,4,5,2324
2024-04-20,Lens,Clermont,1,0,H,17,8,4,1,2324
2024-04-21,Le Havre,Metz,0,1,A,16,9,4,2,2324
2024-04-21,Lille,Strasbourg,1,0,H,6,8,2,2,2324
2024-04-21,Reims,Montpellier,1,2,A,22,12,4,5,2324
2024-04-21,Brest,Monaco,0,2,A,12,8,2,3,2324
2024-04-21,Toulouse,Marseille,2,2,D,10,11,3,3,2324
2024-04-21,Paris SG,Lyon,4,1,H,14,16,6,6,2324
2024-04-24,Lorient,Paris SG,1,4,A,11,15,6,7,2324
2024-04-24,Marseille,Nice,2,2,D,11,10,4,4,2324
2024-04-24,Monaco,Lille,1,0,H,19,13,7,4,2324
2024-04-26,Montpellier,Nantes,1,1,D,8,15,1,5,2324
2024-04-27,Paris SG,Le Havre,3,3,D,17,6,4,4,2324
2024-04-28,Metz,Lille,1,2,A,5,14,2,4,2324
2024-04-28,Clermont,Reims,4,1,H,12,10,6,3,2324
2024-04-28,Lorient,Toulouse,1,2,A,15,14,5,5,2324
2024-04-28,Strasbourg,Nice,1,3,A,13,8,5,4,2324
2024-04-28,Rennes,Brest,4,5,A,21,10,7,5,2324
2024-04-28,Lyon,Monaco,3,2,H,15,13,4,5,2324
2024-04-28,Marseille,Lens,2,1,H,13,18,6,5,2324
2024-05-03,Toulouse,Montpellier,1,2,A,15,5,5,3,2324
2024-05-03,Lens,Lorient,2,0,H,18,11,6,5,2324
2024-05-04,Le Havre,Strasbourg,3,1,H,15,5,7,3,2324
2024-05-04,Monaco,Clermont,4,1,H,23,9,8,1,2324
2024-05-04,Metz,Rennes,2,3,A,7,21,4,9,2324
2024-05-04,Brest,Nantes,0,0,D,9,9,2,1,2324
2024-05-06,Lille,Lyon,3,4,A,8,11,5,7,2324
2024-05-10,Brest,Reims,1,1,D,16,8,5,2,2324
2024-05-10,Nice,Le Havre,1,0,H,13,12,6,3,2324
2024-05-12,Clermont,Lyon,0,1,A,18,6,5,2,2324
2024-05-12,Marseille,Lorient,3,1,H,13,14,4,3,2324
2024-05-12,Montpellier,Monaco,0,2,A,14,19,3,9,2324
2024-05-12,Nantes,Lille,1,2,A,9,12,5,3,2324
2024-05-12,Paris SG,Toulouse,1,3,A,15,18,3,5,2324
2024-05-12,Rennes,Lens,1,1,D,16,8,6,4,2324
2024-05-12,Strasbourg,Metz,2,1,H,10,11,2,2,2324
2024-05-15,Nice,Paris SG,1,2,A,12,11,4,4,2324
2024-05-15,Reims,Marseille,1,0,H,10,19,3,3,2324
2024-05-19,Le Havre,Marseille,1,2,A,13,22,6,7,2324
2024-05-19,Lens,Montpellier,2,2,D,27,11,13,2,2324
2024-05-19,Lille,Nice,2,2,D,12,10,3,4,2324
2024-05-19,Lorient,Clermont,5,0,H,32,9,10,4,2324
2024-05-19,Lyon,Strasbourg,2,1,H,15,10,6,4,2324
2024-05-19,Metz,Paris SG,0,2,A,10,20,2,8,2324
2024-05-19,Monaco,Nantes,4,0,H,10,6,6,3,2324
2024-05-19,Reims,Rennes,2,1,H,6,15,4,5,2324
2024-05-19,Toulouse,Brest,0,3,A,8,12,2,6,2324
2024-08-16,Le Havre,Paris SG,1,4,A,5,14,2,9,2425
2024-08-17,Brest,Marseille,1,5,A,7,7,5,5,2425
2024-08-17,Reims,Lille,0,2,A,2,21,0,6,2425
2024-08-17,Monaco,St Etienne,1,0,H,13,7,6,4,2425
2024-08-18,Auxerre,Nice,2,1,H,16,9,7,2,2425
2024-08-18,Angers,Lens,0,1,A,4,10,3,5,2425
2024-08-18,Montpellier,Strasbourg,1,1,D,7,11,5,4,2425
2024-08-18,Toulouse,Nantes,0,0,D,7,6,3,2,2425
2024-08-18,Rennes,Lyon,3,0,H,22,16,8,2,2425
2024-08-23,Paris SG,Montpellier,6,0,H,21,6,10,3,2425
2024-08-24,Lyon,Monaco,0,2,A,2,15,1,4,2425
2024-08-24,Lille,Angers,2,0,H,11,5,6,2,2425
2024-08-24,St Etienne,Le Havre,0,2,A,18,14,5,5,2425
2024-08-25,Lens,Brest,2,0,H,22,10,11,2,2425
2024-08-25,Nantes,Auxerre,2,0,H,8,10,6,3,2425
2024-08-25,Nice,Toulouse,1,1,D,10,15,4,3,2425
2024-08-25,Strasbourg,Rennes,3,1,H,9,13,5,5,2425
2024-08-25,Marseille,Reims,2,2,D,16,12,10,3,2425
2024-08-30,Lyon,Strasbourg,4,3,H,22,14,13,7,2425
2024-08-31,Brest,St Etienne,4,0,H,17,3,7,0,2425
2024-08-31,Montpellier,Nantes,1,3,A,11,10,5,5,2425
2024-08-31,Toulouse,Marseille,1,3,A,4,11,2,5,2425
2024-09-01,Monaco,Lens,1,1,D,14,12,3,4,2425
2024-09-01,Angers,Nice,1,4,A,12,12,7,9,2425
2024-09-01,Le Havre,Auxerre,3,1,H,21,7,8,2,2425
2024-09-01,Reims,Rennes,2,1,H,11,13,7,5,2425
2024-09-01,Lille,Paris SG,1,3,A,10,10,4,7,2425
2024-09-13,St Etienne,Lille,1,0,H,10,17,5,4,2425
2024-09-14,Marseille,Nice,2,0,H,10,12,5,4,2425
2024-09-14,Auxerre,Monaco,0,3,A,13,19,3,9,2425
2024-09-14,Paris SG,Brest,3,1,H,22,5,9,3,2425
2024-09-15,Rennes,Montpellier,3,0,H,11,12,6,4,2425
2024-09-15,Nantes,Reims,1,2,A,18,11,6,4,2425
2024-09-15,Strasbourg,Angers,1,1,D,10,12,5,2,2425
2024-09-15,Toulouse,Le Havre,2,0,H,15,5,7,3,2425
2024-09-15,Lens,Lyon,0,0,D,12,8,5,3,2425
2024-09-20,Nice,St Etienne,8,0,H,18,8,12,2,2425
2024-09-21,Lille,Strasbourg,3,3,D,15,12,7,9,2425
2024-09-21,Rennes,Lens,1,1,D,11,10,6,2,2425
2024-09-21,Reims,Paris SG,1,1,D,8,11,1,4,2425
2024-09-22,Monaco,Le Havre,3,1,H,14,9,4,2,2425
2024-09-22,Angers,Nantes,1,1,D,4,9,1,3,2425
2024-09-22,Brest,Toulouse,2,0,H,9,10,5,1,2425
2024-09-22,Montpellier,Auxerre,3,2,H,14,11,5,6,2425
2024-09-22,Lyon,Marseille,2,3,A,18,6,9,5,2425
2024-09-27,Auxerre,Brest,3,0,H,15,8,4,4,2425
2024-09-27,Paris SG,Rennes,3,1,H,22,13,7,5,2425
2024-09-28,Lens,Nice,0,0,D,22,15,7,4,2425
2024-09-28,Le Havre,Lille,0,3,A,7,18,4,10,2425
2024-09-28,Monaco,Montpellier,2,1,H,21,9,7,4,2425
2024-09-29,Toulouse,Lyon,1,2,A,10,4,4,1,2425
2024-09-29,Angers,Reims,1,3,A,14,21,3,10,2425
2024-09-29,Nantes,St Etienne,2,2,D,16,5,3,3,2425
2024-09-29,Strasbourg,Marseille,1,0,H,14,10,6,3,2425
2024-10-04,Marseille,Angers,1,1,D,13,8,4,3,2425
2024-10-05,St Etienne,Auxerre,3,1,H,13,11,5,3,2425
2024-10-05,Lille,Toulouse,2,1,H,10,9,3,3,2425
2024-10-05,Rennes,Monaco,1,2,A,14,5,3,2,2425
2024-10-06,Lyon,Nantes,2,0,H,17,11,6,6,2425
2024-10-06,Brest,Le Havre,2,0,H,8,14,3,0,2425
2024-10-06,Reims,Montpellier,4,2,H,18,10,5,3,2425
2024-10-06,Strasbourg,Lens,2,2,D,8,12,5,5,2425
2024-10-06,Nice,Paris SG,1,1,D,9,19,3,9,2425
2024-10-18,Monaco,Lille,0,0,D,14,3,4,1,2425
2024-10-19,Brest,Rennes,1,1,D,12,6,2,4,2425
2024-10-19,St Etienne,Lens,0,2,A,15,13,1,5,2425
2024-10-19,Paris SG,Strasbourg,4,2,H,18,16,10,8,2425
2024-10-20,Le Havre,Lyon,0,4,A,7,16,1,8,2425
2024-10-20,Auxerre,Reims,2,1,H,10,15,8,3,2425
2024-10-20,Nantes,Nice,1,1,D,11,13,7,7,2425
2024-10-20,Toulouse,Angers,1,1,D,18,8,6,4,2425
2024-10-20,Montpellier,Marseille,0,5,A,13,21,5,10,2425
2024-10-25,Rennes,Le Havre,1,0,H,20,5,4,1,2425
2024-10-26,Angers,St Etienne,4,2,H,13,19,8,7,2425
2024-10-26,Reims,Brest,1,2,A,11,13,3,4,2425
2024-10-26,Lens,Lille,0,2,A,11,11,4,3,2425
2024-10-27,Lyon,Auxerre,2,2,D,12,17,8,4,2425
2024-10-27,Montpellier,Toulouse,0,3,A,9,15,2,6,2425
2024-10-27,Nice,Monaco,2,1,H,17,11,9,5,2425
2024-10-27,Strasbourg,Nantes,3,1,H,9,8,5,6,2425
2024-10-27,Marseille,Paris SG,0,3,A,5,19,1,8,2425
2024-11-01,Monaco,Angers,0,1,A,11,10,3,3,2425
2024-11-01,Lille,Lyon,1,1,D,14,14,2,3,2425
2024-11-02,Paris SG,Lens,1,0,H,18,13,8,2,2425
2024-11-02,Brest,Nice,0,1,A,16,12,6,3,2425
2024-11-02,St Etienne,Strasbourg,2,0,H,13,9,3,3,2425
2024-11-03,Toulouse,Reims,1,0,H,13,13,6,2,2425
2024-11-03,Auxerre,Rennes,4,0,H,16,7,8,4,2425
2024-11-03,Le Havre,Montpellier,1,0,H,12,15,4,1,2425
2024-11-03,Nantes,Marseille,1,2,A,7,9,3,4,2425
2024-11-08,Marseille,Auxerre,1,3,A,19,10,5,6,2425
2024-11-09,Strasbourg,Monaco,1,3,A,5,19,2,8,2425
2024-11-09,Lens,Nantes,3,2,H,15,9,3,3,2425
2024-11-09,Angers,Paris SG,2,4,A,10,26,3,12,2425
2024-11-10,Nice,Lille,2,2,D,17,13,5,6,2425
2024-11-10,Le Havre,Reims,0,3,A,10,18,3,7,2425
2024-11-10,Montpellier,Brest,3,1,H,14,19,8,6,2425
2024-11-10,Rennes,Toulouse,0,2,A,7,9,1,2,2425
2024-11-10,Lyon,St Etienne,1,0,H,17,10,7,6,2425
2024-11-22,Monaco,Brest,3,2,H,10,12,4,4,2425
2024-11-22,Paris SG,Toulouse,3,0,H,17,11,8,2,2425
2024-11-23,Lens,Marseille,1,3,A,16,7,7,4,2425
2024-11-23,St Etienne,Montpellier,1,0,H,11,11,4,3,2425
2024-11-23,Reims,Lyon,1,1,D,14,13,6,7,2425
2024-11-24,Lille,Rennes,1,0,H,5,4,2,1,2425
2024-11-24,Auxerre,Angers,1,0,H,10,10,6,5,2425
2024-11-24,Nantes,Le Havre,0,2,A,18,7,4,5,2425
2024-11-24,Nice,Strasbourg,2,1,H,15,10,5,3,2425
2024-11-29,Reims,Lens,0,2,A,16,11,3,6,2425
2024-11-30,Rennes,St Etienne,5,0,H,18,2,9,0,2425
2024-11-30,Brest,Strasbourg,3,1,H,11,12,8,4,2425
2024-11-30,Paris SG,Nantes,1,1,D,24,5,10,2,2425
2024-12-01,Montpellier,Lille,2,2,D,11,13,5,4,2425
2024-12-01,Le Havre,Angers,0,1,A,5,12,1,3,2425
2024-12-01,Lyon,Nice,4,1,H,16,16,8,7,2425
2024-12-01,Toulouse,Auxerre,2,0,H,12,4,7,0,2425
2024-12-01,Marseille,Monaco,2,1,H,9,7,4,4,2425
2024-12-06,Lille,Brest,3,1,H,10,7,6,3,2425
2024-12-06,Auxerre,Paris SG,0,0,D,6,25,2,11,2425
2024-12-07,Monaco,Toulouse,2,0,H,19,6,5,3,2425
2024-12-07,Nice,Le Havre,2,1,H,17,12,5,2,2425
2024-12-07,Angers,Lyon,0,3,A,10,16,2,10,2425
2024-12-08,Lens,Montpellier,2,0,H,18,7,4,4,2425
2024-12-08,Nantes,Rennes,1,0,H,14,5,2,3,2425
2024-12-08,Strasbourg,Reims,0,0,D,7,11,2,3,2425
2024-12-08,St Etienne,Marseille,0,2,A,3,21,2,10,2425
2024-12-13,Toulouse,St Etienne,2,1,H,11,3,4,2,2425
2024-12-14,Marseille,Lille,1,1,D,9,10,3,5,2425
2024-12-14,Auxerre,Lens,2,2,D,10,16,3,5,2425
2024-12-14,Reims,Monaco,0,0,D,8,14,0,3,2425
2024-12-15,Montpellier,Nice,2,2,D,20,18,8,6,2425
2024-12-15,Brest,Nantes,4,1,H,13,16,8,7,2425
2024-12-15,Le Havre,Strasbourg,0,3,A,11,9,1,5,2425
2024-12-15,Rennes,Angers,2,0,H,7,3,4,0,2425
2024-12-15,Paris SG,Lyon,3,1,H,13,7,6,3,2425
2024-12-18,Monaco,Paris SG,2,4,A,15,17,5,12,2425
2025-01-03,Nice,Rennes,3,2,H,9,10,6,5,2425
2025-01-04,St Etienne,Reims,3,1,H,14,11,4,1,2425
2025-01-04,Lille,Nantes,1,1,D,13,6,3,2,2425
2025-01-04,Lyon,Montpellier,1,0,H,12,16,2,6,2425
2025-01-05,Angers,Brest,2,0,H,7,12,2,4,2425
2025-01-05,Lens,Toulouse,0,1,A,14,8,1,4,2425
2025-01-05,Strasbourg,Auxerre,3,1,H,11,14,4,7,2425
2025-01-05,Marseille,Le Havre,5,1,H,15,4,9,1,2425
2025-01-10,Nantes,Monaco,2,2,D,10,15,4,7,2425
2025-01-10,Auxerre,Lille,0,0,D,13,13,3,5,2425
2025-01-11,Brest,Lyon,2,1,H,11,10,6,3,2425
2025-01-11,Reims,Nice,2,4,A,12,15,3,10,2425
2025-01-11,Rennes,Marseille,1,2,A,5,13,4,7,2425
2025-01-12,Le Havre,Lens,1,2,A,8,25,4,7,2425
2025-01-12,Montpellier,Angers,1,3,A,8,21,3,8,2425
2025-01-12,Toulouse,Strasbourg,1,2,A,19,8,5,2,2425
2025-01-12,Paris SG,St Etienne,2,1,H,25,8,9,3,2425
2025-01-17,Montpellier,Monaco,2,1,H,12,26,4,11,2425
2025-01-17,Lille,Nice,2,1,H,11,11,4,3,2425
2025-01-18,Lens,Paris SG,1,2,A,10,9,5,7,2425
2025-01-18,Rennes,Brest,1,2,A,22,10,9,3,2425
2025-01-18,Lyon,Toulouse,0,0,D,11,13,3,4,2425
2025-01-19,St Etienne,Nantes,1,1,D,12,8,2,4,2425
2025-01-19,Angers,Auxerre,2,0,H,12,10,4,4,2425
2025-01-19,Reims,Le Havre,1,1,D,11,7,3,2,2425
2025-01-19,Marseille,Strasbourg,1,1,D,18,7,3,3,2425
2025-01-24,Auxerre,St Etienne,1,1,D,11,8,5,3,2425
2025-01-25,Monaco,Rennes,3,2,H,20,14,10,5,2425
2025-01-25,Strasbourg,Lille,2,1,H,11,15,7,6,2425
2025-01-25,Paris SG,Reims,1,1,D,18,6,7,3,2425
2025-01-26,Le Havre,Brest,0,1,A,11,17,1,9,2425
2025-01-26,Lens,Angers,1,0,H,16,2,4,0,2425
2025-01-26,Nantes,Lyon,1,1,D,7,15,5,4,2425
2025-01-26,Toulouse,Montpellier,1,2,A,15,6,6,4,2425
2025-01-26,Nice,Marseille,2,0,H,14,18,5,6,2425
2025-01-31,Montpellier,Lens,0,2,A,14,19,2,5,2425
2025-02-01,Brest,Paris SG,2,5,A,14,14,7,7,2425
2025-02-01,Monaco,Auxerre,4,2,H,11,12,6,7,2425
2025-02-01,Lille,St Etienne,4,1,H,29,9,13,2,2425
2025-02-02,Toulouse,Nice,1,1,D,15,13,4,3,2425
2025-02-02,Angers,Le Havre,1,1,D,17,13,2,5,2425
2025-02-02,Reims,Nantes,1,2,A,13,11,2,6,2425
2025-02-02,Rennes,Strasbourg,1,0,H,13,7,3,3,2425
2025-02-02,Marseille,Lyon,3,2,H,20,10,11,4,2425
2025-02-07,Nantes,Brest,0,2,A,15,10,2,6,2425
2025-02-07,Paris SG,Monaco,4,1,H,16,9,7,3,2425
2025-02-08,Nice,Lens,2,0,H,16,12,8,3,2425
2025-02-08,Lille,Le Havre,1,2,A,14,14,5,6,2425
2025-02-08,St Etienne,Rennes,0,2,A,9,21,3,9,2425
2025-02-09,Lyon,Reims,4,0,H,15,9,9,2,2425
2025-02-09,Auxerre,Toulouse,2,2,D,9,7,3,3,2425
2025-02-09,Strasbourg,Montpellier,2,0,H,22,11,6,2,2425
2025-02-09,Angers,Marseille,0,2,A,5,18,0,10,2425
2025-02-14,Brest,Auxerre,2,2,D,18,11,6,6,2425
2025-02-15,Marseille,St Etienne,5,1,H,28,7,14,2,2425
2025-02-15,Monaco,Nantes,7,1,H,22,6,11,2,2425
2025-02-15,Toulouse,Paris SG,0,1,A,14,20,4,6,2425
2025-02-16,Montpellier,Lyon,1,4,A,11,9,4,6,2425
2025-02-16,Le Havre,Nice,1,3,A,14,9,4,3,2425
2025-02-16,Lens,Strasbourg,0,2,A,7,13,0,5,2425
2025-02-16,Reims,Angers,0,1,A,16,10,4,3,2425
2025-02-16,Rennes,Lille,0,2,A,4,18,0,7,2425
2025-02-21,Rennes,Reims,1,0,H,26,3,5,0,2425
2025-02-22,Lille,Monaco,2,1,H,9,13,6,3,2425
2025-02-22,St Etienne,Angers,3,3,D,19,13,8,4,2425
2025-02-22,Auxerre,Marseille,3,0,H,9,8,5,2,2425
2025-02-23,Nantes,Lens,3,1,H,17,14,8,4,2425
2025-02-23,Le Havre,Toulouse,1,4,A,11,11,3,5,2425
2025-02-23,Nice,Montpellier,2,0,H,16,13,6,1,2425
2025-02-23,Strasbourg,Brest,0,0,D,3,12,1,2,2425
2025-02-23,Lyon,Paris SG,2,3,A,14,15,7,8,2425
2025-02-28,Monaco,Reims,3,0,H,23,9,9,5,2425
2025-03-01,St Etienne,Nice,1,3,A,12,16,3,9,2425
2025-03-01,Lens,Le Havre,3,4,A,20,8,7,4,2425
2025-03-01,Paris SG,Lille,4,1,H,26,6,11,2,2425
2025-03-02,Lyon,Brest,2,1,H,10,15,4,5,2425
2025-03-02,Angers,Toulouse,0,4,A,5,19,1,13,2425
2025-03-02,Auxerre,Strasbourg,0,1,A,14,6,5,3,2425
2025-03-02,Montpellier,Rennes,0,4,A,16,15,5,9,2425
2025-03-02,Marseille,Nantes,2,0,H,21,8,5,2,2425
2025-03-07,Toulouse,Monaco,1,1,D,8,13,3,3,2425
2025-03-08,Rennes,Paris SG,1,4,A,13,19,3,9,2425
2025-03-08,Lille,Montpellier,1,0,H,18,10,8,3,2425
2025-03-08,Marseille,Lens,0,1,A,15,3,6,2,2425
2025-03-09,Brest,Angers,2,0,H,19,7,7,1,2425
2025-03-09,Le Havre,St Etienne,1,1,D,13,12,7,3,2425
2025-03-09,Nantes,Strasbourg,0,1,A,11,9,2,1,2425
2025-03-09,Reims,Auxerre,0,2,A,18,13,4,9,2425
2025-03-09,Nice,Lyon,0,2,A,18,8,4,5,2425
2025-03-14,Nice,Auxerre,1,1,D,20,10,6,4,2425
2025-03-15,Nantes,Lille,1,0,H,10,13,3,4,2425
2025-03-15,Angers,Monaco,0,2,A,6,16,2,5,2425
2025-03-15,Lens,Rennes,1,0,H,9,12,4,5,2425
2025-03-16,Lyon,Le Havre,4,2,H,16,14,7,5,2425
2025-03-16,Brest,Reims,0,0,D,11,12,0,2,2425
2025-03-16,Montpellier,St Etienne,0,2,A,13,11,3,6,2425
2025-03-16,Strasbourg,Toulouse,2,1,H,10,11,3,7,2425
2025-03-16,Paris SG,Marseille,3,1,H,16,11,5,2,2425
2025-03-28,Strasbourg,Lyon,4,2,H,14,16,7,11,2425
2025-03-29,Reims,Marseille,3,1,H,7,20,5,8,2425
2025-03-29,St Etienne,Paris SG,1,6,A,11,22,2,10,2425
2025-03-29,Monaco,Nice,2,1,H,17,9,6,4,2425
2025-03-30,Toulouse,Brest,2,4,A,17,10,4,5,2425
2025-03-30,Angers,Rennes,0,3,A,9,14,4,6,2425
2025-03-30,Auxerre,Montpellier,1,0,H,21,12,6,1,2425
2025-03-30,Le Havre,Nantes,3,2,H,16,7,5,2,2425
2025-03-30,Lille,Lens,1,0,H,11,5,5,2,2425
2025-04-04,Nice,Nantes,1,2,A,21,8,9,4,2425
2025-04-05,Paris SG,Angers,1,0,H,20,5,6,0,2425
2025-04-05,Brest,Monaco,2,1,H,13,10,4,3,2425
2025-04-05,Lyon,Lille,2,1,H,10,10,4,4,2425
2025-04-06,Lens,St Etienne,1,0,H,20,8,5,3,2425
2025-04-06,Montpellier,Le Havre,0,2,A,14,13,6,4,2425
2025-04-06,Reims,Strasbourg,0,1,A,14,13,7,4,2425
2025-04-06,Rennes,Auxerre,0,1,A,18,11,5,3,2425
2025-04-06,Marseille,Toulouse,3,2,H,9,8,4,3,2425
2025-04-11,Lens,Reims,0,2,A,37,10,14,2,2425
2025-04-12,Monaco,Marseille,3,0,H,15,8,10,4,2425
2025-04-12,Toulouse,Lille,1,2,A,10,6,5,3,2425
2025-04-12,Strasbourg,Nice,2,2,D,11,23,4,6,2425
2025-04-13,St Etienne,Brest,3,3,D,9,14,4,6,2425
2025-04-13,Angers,Montpellier,2,0,H,10,4,4,1,2425
2025-04-13,Le Havre,Rennes,1,5,A,11,10,2,6,2425
2025-04-13,Auxerre,Lyon,1,3,A,14,13,3,7,2425
2025-04-18,Rennes,Nantes,2,1,H,19,4,5,1,2425
2025-04-19,Paris SG,Le Havre,2,1,H,18,9,11,1,2425
2025-04-19,Monaco,Strasbourg,0,0,D,12,5,4,2,2425
2025-04-19,Marseille,Montpellier,5,1,H,18,6,8,1,2425
2025-04-20,Lille,Auxerre,3,1,H,15,7,9,3,2425
2025-04-20,Brest,Lens,1,3,A,11,17,5,9,2425
2025-04-20,Nice,Angers,2,1,H,22,5,8,2,2425
2025-04-20,Reims,Toulouse,1,0,H,8,18,2,6,2425
2025-04-20,St Etienne,Lyon,2,1,H,18,14,6,2,2425
2025-04-22,Nantes,Paris SG,1,1,D,8,10,2,5,2425
2025-04-25,Paris SG,Nice,1,3,A,32,7,13,3,2425
2025-04-26,Strasbourg,St Etienne,3,1,H,18,17,7,6,2425
2025-04-26,Le Havre,Monaco,1,1,D,9,19,3,7,2425
2025-04-26,Lyon,Rennes,4,1,H,14,10,8,4,2425
2025-04-27,Angers,Lille,0,2,A,6,9,3,5,2425
2025-04-27,Lens,Auxerre,0,4,A,16,12,5,8,2425
2025-04-27,Montpellier,Reims,0,0,D,12,8,2,3,2425
2025-04-27,Nantes,Toulouse,0,0,D,11,6,3,3,2425
2025-04-27,Marseille,Brest,4,1,H,11,9,7,4,2425
2025-05-02,Nice,Reims,1,0,H,8,16,2,3,2425
2025-05-03,Strasbourg,Paris SG,2,1,H,9,20,2,4,2425
2025-05-03,Toulouse,Rennes,2,1,H,9,15,3,6,2425
2025-05-03,St Etienne,Monaco,1,3,A,11,12,1,6,2425
2025-05-04,Nantes,Angers,0,1,A,8,14,3,2,2425
2025-05-04,Auxerre,Le Havre,1,2,A,4,11,1,5,2425
2025-05-04,Brest,Montpellier,1,0,H,16,6,5,1,2425
2025-05-04,Lyon,Lens,1,2,A,18,8,4,3,2425
2025-05-04,Lille,Marseille,1,1,D,5,13,1,6,2425
2025-05-10,Angers,Strasbourg,2,1,H,5,15,2,3,2425
2025-05-10,Auxerre,Nantes,1,1,D,9,7,3,2,2425
2025-05-10,Brest,Lille,2,0,H,12,18,4,2,2425
2025-05-10,Le Havre,Marseille,1,3,A,10,22,4,5,2425
2025-05-10,Monaco,Lyon,2,0,H,11,9,5,4,2425
2025-05-10,Montpellier,Paris SG,1,4,A,9,10,4,8,2425
2025-05-10,Reims,St Etienne,0,2,A,19,9,3,4,2425
2025-05-10,Rennes,Nice,2,0,H,10,14,4,6,2425
2025-05-10,Toulouse,Lens,1,1,D,9,12,6,2,2425
2025-05-17,Lens,Monaco,4,0,H,15,6,5,4,2425
2025-05-17,Lille,Reims,2,1,H,21,5,5,2,2425
2025-05-17,Lyon,Angers,2,0,H,21,13,4,3,2425
2025-05-17,Marseille,Rennes,4,2,H,17,9,10,3,2425
2025-05-17,Nantes,Montpellier,3,0,H,18,9,6,0,2425
2025-05-17,Nice,Brest,6,0,H,18,10,9,1,2425
2025-05-17,Paris SG,Auxerre,3,1,H,21,7,9,2,2425
2025-05-17,St Etienne,Toulouse,2,3,A,18,17,7,9,2425
2025-05-17,Strasbourg,Le Havre,2,3,A,6,10,4,5,2425
2025-08-15,Rennes,Marseille,1,0,H,12,24,5,2,2526
2025-08-16,Lens,Lyon,0,1,A,18,11,5,3,2526
2025-08-16,Monaco,Le Havre,3,1,H,13,9,3,4,2526
2025-08-16,Nice,Toulouse,0,1,A,13,10,2,2,2526
2025-08-17,Brest,Lille,3,3,D,18,10,5,6,2526
2025-08-17,Angers,Paris FC,1,0,H,8,17,2,7,2526
2025-08-17,Auxerre,Lorient,1,0,H,7,14,3,3,2526
2025-08-17,Metz,Strasbourg,0,1,A,2,9,0,4,2526
2025-08-17,Nantes,Paris SG,0,1,A,6,18,0,4,2526
2025-08-22,Paris SG,Angers,1,0,H,21,3,4,0,2526
2025-08-23,Marseille,Paris FC,5,2,H,12,8,7,4,2526
2025-08-23,Nice,Auxerre,3,1,H,16,12,6,8,2526
2025-08-23,Lyon,Metz,3,0,H,13,11,8,2,2526
2025-08-24,Lorient,Rennes,4,0,H,22,5,7,1,2526
2025-08-24,Le Havre,Lens,1,2,A,18,6,6,3,2526
2025-08-24,Strasbourg,Nantes,1,0,H,15,9,4,2,2526
2025-08-24,Toulouse,Brest,2,0,H,6,16,3,2,2526
2025-08-24,Lille,Monaco,1,0,H,18,6,1,1,2526
2025-08-29,Lens,Brest,3,1,H,30,9,10,2,2526
2025-08-30,Lorient,Lille,1,7,A,6,20,2,11,2526
2025-08-30,Nantes,Auxerre,1,0,H,4,14,3,4,2526
2025-08-30,Toulouse,Paris SG,3,6,A,14,13,6,8,2526
2025-08-31,Angers,Rennes,1,1,D,10,15,7,7,2526
2025-08-31,Le Havre,Nice,3,1,H,12,7,8,3,2526
2025-08-31,Monaco,Strasbourg,3,2,H,12,12,4,4,2526
2025-08-31,Paris FC,Metz,3,2,H,24,14,9,2,2526
2025-08-31,Lyon,Marseille,1,0,H,17,5,5,2,2526
2025-09-12,Marseille,Lorient,4,0,H,15,4,8,1,2526
2025-09-13,Nice,Nantes,1,0,H,19,14,8,3,2526
2025-09-13,Auxerre,Monaco,1,2,A,9,13,2,3,2526
2025-09-14,Lille,Toulouse,2,1,H,20,9,5,4,2526
2025-09-14,Brest,Paris FC,1,2,A,23,7,8,4,2526
2025-09-14,Metz,Angers,1,1,D,9,11,5,4,2526
2025-09-14,Paris SG,Lens,2,0,H,14,11,6,3,2526
2025-09-14,Strasbourg,Le Havre,1,0,H,9,10,7,1,2526
2025-09-14,Rennes,Lyon,3,1,H,23,8,5,5,2526
2025-09-19,Lyon,Angers,1,0,H,16,10,5,2,2526
2025-09-20,Nantes,Rennes,2,2,D,16,8,4,4,2526
2025-09-20,Brest,Nice,4,1,H,11,21,5,4,2526
2025-09-20,Lens,Lille,3,0,H,15,17,6,3,2526
2025-09-21,Paris FC,Strasbourg,2,3,A,18,8,6,4,2526
2025-09-21,Auxerre,Toulouse,1,0,H,6,13,1,3,2526
2025-09-21,Le Havre,Lorient,1,1,D,13,8,2,4,2526
2025-09-21,Monaco,Metz,5,2,H,16,8,6,3,2526
2025-09-22,Marseille,Paris SG,1,0,H,9,12,2,5,2526
2025-09-26,Strasbourg,Marseille,1,2,A,9,16,1,9,2526
2025-09-27,Lorient,Monaco,3,1,H,19,5,8,2,2526
2025-09-27,Toulouse,Nantes,2,2,D,20,12,7,2,2526
2025-09-27,Paris SG,Auxerre,2,0,H,15,12,8,3,2526
2025-09-28,Nice,Paris FC,1,1,D,11,13,5,3,2526
2025-09-28,Angers,Brest,0,2,A,11,7,2,3,2526
2025-09-28,Lille,Lyon,0,1,A,14,5,3,2,2526
2025-09-28,Metz,Le Havre,0,0,D,7,11,0,2,2526
2025-09-28,Rennes,Lens,0,0,D,14,13,2,2,2526
2025-10-03,Paris FC,Lorient,2,0,H,10,8,2,3,2526
2025-10-04,Metz,Marseille,0,3,A,4,21,1,9,2526
2025-10-04,Brest,Nantes,0,0,D,17,6,5,0,2526
2025-10-04,Auxerre,Lens,1,2,A,18,7,2,4,2526
2025-10-05,Lyon,Toulouse,1,2,A,13,14,3,4,2526
2025-10-05,Le Havre,Rennes,2,2,D,10,9,2,3,2526
2025-10-05,Monaco,Nice,2,2,D,20,9,6,2,2526
2025-10-05,Strasbourg,Angers,5,0,H,18,5,12,1,2526
2025-10-05,Lille,Paris SG,1,1,D,9,17,3,5,2526
2025-10-17,Paris SG,Strasbourg,3,3,D,21,12,9,7,2526
2025-10-18,Nice,Lyon,3,2,H,5,29,4,7,2526
2025-10-18,Angers,Monaco,1,1,D,16,11,3,4,2526
2025-10-18,Marseille,Le Havre,6,2,H,18,8,11,3,2526
2025-10-19,Lens,Paris FC,2,1,H,11,9,3,3,2526
2025-10-19,Lorient,Brest,3,3,D,12,8,7,4,2526
2025-10-19,Rennes,Auxerre,2,2,D,19,7,7,4,2526
2025-10-19,Toulouse,Metz,4,0,H,16,2,7,2,2526
2025-10-19,Nantes,Lille,0,2,A,8,23,3,5,2526
2025-10-24,Paris FC,Nantes,1,2,A,14,11,3,3,2526
2025-10-25,Brest,Paris SG,0,3,A,8,18,2,8,2526
2025-10-25,Monaco,Toulouse,1,0,H,14,10,5,2,2526
2025-10-25,Lens,Marseille,2,1,H,8,17,5,3,2526
2025-10-26,Lille,Metz,6,1,H,23,10,12,4,2526
2025-10-26,Angers,Lorient,2,0,H,7,23,4,4,2526
2025-10-26,Auxerre,Le Havre,0,1,A,14,9,3,4,2526
2025-10-26,Rennes,Nice,1,2,A,19,8,7,3,2526
2025-10-26,Lyon,Strasbourg,2,1,H,8,7,3,2,2526
2025-10-29,Le Havre,Brest,1,0,H,13,8,3,2,2526
2025-10-29,Lorient,Paris SG,1,1,D,5,15,2,8,2526
2025-10-29,Metz,Lens,2,0,H,16,10,7,2,2526
2025-10-29,Nice,Lille,2,0,H,8,21,4,4,2526
2025-10-29,Marseille,Angers,2,2,D,11,12,6,6,2526
2025-10-29,Nantes,Monaco,3,5,A,18,19,5,9,2526
2025-10-29,Paris FC,Lyon,3,3,D,11,7,3,4,2526
2025-10-29,Strasbourg,Auxerre,3,0,H,18,6,9,1,2526
2025-10-29,Toulouse,Rennes,2,2,D,15,11,4,5,2526
2025-11-01,Paris SG,Nice,1,0,H,28,5,8,2,2526
2025-11-01,Monaco,Paris FC,0,1,A,10,9,1,1,2526
2025-11-01,Auxerre,Marseille,0,1,A,9,6,4,2,2526
2025-11-02,Rennes,Strasbourg,4,1,H,13,20,6,2,2526
2025-11-02,Lens,Lorient,3,0,H,9,12,6,3,2526
2025-11-02,Lille,Angers,1,0,H,15,6,4,1,2526
2025-11-02,Nantes,Metz,0,2,A,16,14,4,7,2526
2025-11-02,Toulouse,Le Havre,0,0,D,18,9,2,3,2526
2025-11-02,Brest,Lyon,0,0,D,13,4,3,2,2526
2025-11-07,Paris FC,Rennes,0,1,A,19,10,4,3,2526
2025-11-08,Marseille,Brest,3,0,H,19,4,7,2,2526
2025-11-08,Le Havre,Nantes,1,1,D,17,5,4,2,2526
2025-11-08,Monaco,Lens,1,4,A,16,20,6,12,2526
2025-11-09,Lorient,Toulouse,1,1,D,10,6,2,2,2526
2025-11-09,Angers,Auxerre,2,0,H,9,12,5,5,2526
2025-11-09,Metz,Nice,2,1,H,9,11,2,4,2526
2025-11-09,Strasbourg,Lille,2,0,H,5,7,2,4,2526
2025-11-09,Lyon,Paris SG,2,3,A,9,9,2,4,2526
2025-11-21,Nice,Marseille,1,5,A,15,13,7,11,2526
2025-11-22,Lens,Strasbourg,1,0,H,13,7,5,1,2526
2025-11-22,Rennes,Monaco,4,1,H,17,13,9,3,2526
2025-11-22,Paris SG,Le Havre,3,0,H,31,12,11,4,2526
2025-11-23,Auxerre,Lyon,0,0,D,12,16,5,7,2526
2025-11-23,Brest,Metz,3,2,H,20,7,7,3,2526
2025-11-23,Nantes,Lorient,1,1,D,9,7,1,1,2526
2025-11-23,Toulouse,Angers,0,1,A,25,6,6,2,2526
2025-11-23,Lille,Paris FC,4,2,H,17,6,10,3,2526
2025-11-28,Metz,Rennes,0,1,A,16,9,5,2,2526
2025-11-29,Monaco,Paris SG,1,0,H,10,17,5,4,2526
2025-11-29,Paris FC,Auxerre,1,1,D,11,11,2,3,2526
2025-11-29,Marseille,Toulouse,2,2,D,20,6,5,4,2526
2025-11-30,Strasbourg,Brest,1,2,A,14,7,6,4,2526
2025-11-30,Angers,Lens,1,2,A,7,17,5,6,2526
2025-11-30,Le Havre,Lille,0,1,A,14,8,7,2,2526
2025-11-30,Lorient,Nice,3,1,H,18,9,7,2,2526
2025-11-30,Lyon,Nantes,3,0,H,20,6,8,2,2526
2025-12-05,Brest,Monaco,1,0,H,12,10,4,2,2526
2025-12-05,Lille,Marseille,1,0,H,5,6,2,2,2526
2025-12-06,Nantes,Lens,1,2,A,10,20,4,6,2526
2025-12-06,Toulouse,Strasbourg,1,0,H,6,3,3,0,2526
2025-12-06,Paris SG,Rennes,5,0,H,20,6,9,2,2526
2025-12-07,Nice,Angers,0,1,A,13,8,3,4,2526
2025-12-07,Auxerre,Metz,3,1,H,14,5,7,3,2526
2025-12-07,Le Havre,Paris FC,0,0,D,13,13,2,2,2526
2025-12-07,Lorient,Lyon,1,0,H,14,7,6,4,2526
2025-12-12,Angers,Nantes,4,1,H,20,7,9,4,2526
2025-12-13,Rennes,Brest,3,1,H,9,14,5,7,2526
2025-12-13,Metz,Paris SG,2,3,A,9,14,5,9,2526
2025-12-13,Paris FC,Toulouse,0,3,A,9,7,2,4,2526
2025-12-14,Lyon,Le Havre,1,0,H,18,10,4,4,2526
2025-12-14,Auxerre,Lille,3,4,A,18,8,8,5,2526
2025-12-14,Lens,Nice,2,0,H,15,8,5,4,2526
2025-12-14,Strasbourg,Lorient,0,0,D,12,10,2,2,2526
2025-12-14,Marseille,Monaco,1,0,H,18,18,8,7,2526
2026-01-02,Toulouse,Lens,0,3,A,8,16,2,7,2526
2026-01-03,Monaco,Lyon,1,3,A,6,13,2,9,2526
2026-01-03,Nice,Strasbourg,1,1,D,19,8,6,5,2526
2026-01-03,Lille,Rennes,0,2,A,13,18,3,4,2526
2026-01-04,Marseille,Nantes,0,2,A,11,15,4,9,2526
2026-01-04,Brest,Auxerre,2,0,H,11,10,4,1,2526
2026-01-04,Le Havre,Angers,2,1,H,11,9,6,3,2526
2026-01-04,Lorient,Metz,1,1,D,16,8,5,2,2526
2026-01-04,Paris SG,Paris FC,2,1,H,20,6,6,3,2526
2026-01-16,Monaco,Lorient,1,3,A,14,14,7,4,2526
2026-01-16,Paris SG,Lille,3,0,H,13,7,7,4,2526
2026-01-17,Lens,Auxerre,1,0,H,19,5,7,0,2526
2026-01-17,Toulouse,Nice,5,1,H,22,15,10,6,2526
2026-01-17,Angers,Marseille,2,5,A,7,23,3,11,2526
2026-01-18,Strasbourg,Metz,2,1,H,14,9,6,2,2526
2026-01-18,Nantes,Paris FC,1,2,A,5,10,1,3,2526
2026-01-18,Rennes,Le Havre,1,1,D,19,7,7,4,2526
2026-01-18,Lyon,Brest,2,1,H,19,5,6,2,2526
2026-01-23,Auxerre,Paris SG,0,1,A,8,16,0,8,2526
2026-01-24,Rennes,Lorient,0,2,A,22,6,5,4,2526
2026-01-24,Le Havre,Monaco,0,0,D,7,10,1,2,2526
2026-01-24,Marseille,Lens,3,1,H,10,7,5,2,2526
2026-01-25,Nantes,Nice,1,4,A,20,7,5,4,2526
2026-01-25,Brest,Toulouse,0,2,A,13,8,5,5,2526
2026-01-25,Metz,Lyon,2,5,A,15,13,6,10,2526
2026-01-25,Paris FC,Angers,0,0,D,8,7,1,1,2526
2026-01-25,Lille,Strasbourg,1,4,A,20,15,6,6,2526
2026-01-30,Lens,Le Havre,1,0,H,15,8,3,2,2526
2026-01-31,Paris FC,Marseille,2,2,D,9,18,4,4,2526
2026-01-31,Lorient,Nantes,2,1,H,5,10,4,2,2526
2026-01-31,Monaco,Rennes,4,0,H,14,8,6,4,2526
2026-02-01,Lyon,Lille,1,0,H,4,11,2,4,2526
2026-02-01,Angers,Metz,1,0,H,17,5,7,0,2526
2026-02-01,Nice,Brest,2,2,D,15,12,7,2,2526
2026-02-01,Toulouse,Auxerre,0,0,D,12,8,4,2,2526
2026-02-01,Strasbourg,Paris SG,1,2,A,9,13,4,4,2526
2026-02-06,Metz,Lille,0,0,D,6,16,2,1,2526
2026-02-07,Lens,Rennes,3,1,H,10,14,3,1,2526
2026-02-07,Brest,Lorient,2,0,H,11,13,5,2,2526
2026-02-07,Nantes,Lyon,0,1,A,13,10,2,3,2526
2026-02-08,Nice,Monaco,0,0,D,13,10,3,2,2526
2026-02-08,Angers,Toulouse,1,0,H,12,12,4,5,2526
2026-02-08,Auxerre,Paris FC,0,0,D,12,8,2,4,2526
2026-02-08,Le Havre,Strasbourg,2,1,H,15,10,7,3,2526
2026-02-08,Paris SG,Marseille,5,0,H,22,9,7,3,2526
2026-02-13,Rennes,Paris SG,3,1,H,13,22,4,7,2526
2026-02-13,Monaco,Nantes,3,1,H,12,13,6,2,2526
2026-02-14,Marseille,Strasbourg,2,2,D,10,12,6,4,2526
2026-02-14,Lille,Brest,1,1,D,20,11,5,4,2526
2026-02-14,Paris FC,Lens,0,5,A,11,17,6,6,2526
2026-02-15,Le Havre,Toulouse,2,1,H,5,25,2,9,2526
2026-02-15,Lorient,Angers,2,0,H,8,10,2,3,2526
2026-02-15,Metz,Auxerre,1,3,A,13,14,4,3,2526
2026-02-15,Lyon,Nice,2,0,H,9,10,2,3,2526
2026-02-20,Brest,Marseille,2,0,H,12,17,4,4,2526
2026-02-21,Lens,Monaco,2,3,A,18,10,7,5,2526
2026-02-21,Toulouse,Paris FC,1,1,D,23,5,10,2,2526
2026-02-21,Paris SG,Metz,3,0,H,17,3,7,0,2526
2026-02-22,Auxerre,Rennes,0,3,A,11,12,2,7,2526
2026-02-22,Angers,Lille,0,1,A,6,14,2,5,2526
2026-02-22,Nantes,Le Havre,2,0,H,9,6,2,1,2526
2026-02-22,Nice,Lorient,3,3,D,8,17,4,5,2526
2026-02-22,Strasbourg,Lyon,3,1,H,13,4,7,2,2526
2026-02-27,Strasbourg,Lens,1,1,D,8,25,5,5,2526
2026-02-28,Rennes,Toulouse,1,0,H,10,9,2,2,2526
2026-02-28,Monaco,Angers,2,0,H,10,6,4,2,2526
2026-02-28,Le Havre,Paris SG,0,1,A,10,22,2,9,2526
2026-03-01,Paris FC,Nice,1,0,H,16,11,6,3,2526
2026-03-01,Lille,Nantes,1,0,H,9,3,3,1,2526
2026-03-01,Lorient,Auxerre,2,2,D,15,10,5,3,2526
2026-03-01,Metz,Brest,0,1,A,24,6,6,1,2526
2026-03-01,Marseille,Lyon,3,2,H,18,12,7,6,2526
2026-03-06,Paris SG,Monaco,1,3,A,20,11,6,6,2526
2026-03-07,Nantes,Angers,0,1,A,13,11,3,4,2526
2026-03-07,Auxerre,Strasbourg,0,0,D,10,13,4,5,2526
2026-03-07,Toulouse,Marseille,0,1,A,12,10,2,3,2526
2026-03-08,Lens,Metz,3,0,H,24,5,7,0,2526
2026-03-08,Brest,Le Havre,2,0,H,11,14,2,0,2526
2026-03-08,Lille,Lorient,1,1,D,12,9,2,5,2526
2026-03-08,Nice,Rennes,0,4,A,14,12,2,6,2526
2026-03-08,Lyon,Paris FC,1,1,D,14,14,4,4,2526
2026-03-13,Marseille,Auxerre,1,0,H,16,8,3,3,2526
2026-03-14,Lorient,Lens,2,1,H,6,20,3,6,2526
2026-03-14,Angers,Nice,0,2,A,11,12,1,8,2526
2026-03-14,Monaco,Brest,2,0,H,10,13,4,1,2526
2026-03-15,Strasbourg,Paris FC,0,0,D,12,11,3,2,2526
2026-03-15,Le Havre,Lyon,0,0,D,12,13,4,4,2526
2026-03-15,Metz,Toulouse,3,4,A,17,19,8,6,2526
2026-03-15,Rennes,Lille,1,2,A,12,8,4,3,2526
2026-03-20,Lens,Angers,5,1,H,26,16,9,5,2526
2026-03-21,Toulouse,Lorient,1,0,H,12,7,4,2,2526
2026-03-21,Auxerre,Brest,3,0,H,11,9,7,2,2526
2026-03-21,Nice,Paris SG,0,4,A,6,17,1,10,2526
2026-03-22,Lyon,Monaco,1,2,A,15,21,4,7,2526
2026-03-22,Marseille,Lille,1,2,A,14,11,3,4,2526
2026-03-22,Paris FC,Le Havre,3,2,H,15,20,4,6,2526
2026-03-22,Rennes,Metz,0,0,D,25,7,8,2,2526
2026-03-22,Nantes,Strasbourg,2,3,A,14,13,9,9,2526
2026-04-03,Paris SG,Toulouse,3,1,H,17,5,7,1,2526
2026-04-04,Strasbourg,Nice,3,1,H,16,8,6,3,2526
2026-04-04,Brest,Rennes,3,4,A,10,15,4,7,2526
2026-04-04,Lille,Lens,3,0,H,13,5,7,1,2526
2026-04-05,Angers,Lyon,0,0,D,7,11,1,2,2526
2026-04-05,Le Havre,Auxerre,1,1,D,10,12,3,2,2526
2026-04-05,Lorient,Paris FC,1,1,D,10,7,3,5,2526
2026-04-05,Metz,Nantes,0,0,D,19,6,5,2,2526
2026-04-05,Monaco,Marseille,2,1,H,7,19,3,9,2526
2026-04-10,Paris FC,Monaco,4,1,H,12,19,6,5,2526
2026-04-10,Marseille,Metz,3,1,H,18,6,9,2,2526
2026-04-11,Auxerre,Nantes,0,0,D,5,13,0,4,2526
2026-04-11,Rennes,Angers,2,1,H,15,6,7,4,2526
2026-04-12,Nice,Le Havre,1,1,D,15,11,5,6,2526
2026-04-12,Toulouse,Lille,0,4,A,9,15,1,9,2526
2026-04-12,Lyon,Lorient,2,0,H,11,12,5,6,2526
2026-04-17,Lens,Toulouse,3,2,H,41,5,13,2,2526
2026-04-18,Lorient,Marseille,2,0,H,11,16,4,2,2526
2026-04-18,Angers,Le Havre,1,1,D,11,16,5,8,2526
2026-04-18,Lille,Nice,0,0,D,9,5,2,1,2526
2026-04-19,Monaco,Auxerre,2,2,D,15,12,6,7,2526
2026-04-19,Metz,Paris FC,1,3,A,13,15,6,7,2526
2026-04-19,Nantes,Brest,1,1,D,17,4,4,2,2526
2026-04-19,Strasbourg,Rennes,0,3,A,9,26,1,9,2526
2026-04-19,Paris SG,Lyon,1,2,A,23,6,6,5,2526
2026-04-22,Paris SG,Nantes,3,0,H,14,11,6,4,2526
2026-04-24,Brest,Lens,3,3,D,6,25,3,7,2526
2026-04-25,Lyon,Auxerre,3,2,H,12,9,6,2,2526
2026-04-25,Angers,Paris SG,0,3,A,6,17,1,10,2526
2026-04-25,Toulouse,Monaco,2,2,D,18,8,5,5,2526
2026-04-26,Lorient,Strasbourg,2,3,A,14,11,6,5,2526
2026-04-26,Le Havre,Metz,4,4,D,14,12,5,5,2526
2026-04-26,Paris FC,Lille,0,1,A,7,10,2,4,2526
2026-04-26,Rennes,Nantes,2,1,H,14,24,5,8,2526
2026-04-26,Marseille,Nice,1,1,D,24,5,6,2,2526
2026-05-02,Nantes,Marseille,3,0,H,17,16,6,8,2526
2026-05-02,Paris SG,Lorient,2,2,D,24,5,6,3,2526
2026-05-02,Metz,Monaco,1,2,A,13,15,1,3,2526
2026-05-02,Nice,Lens,1,1,D,9,16,2,4,2526
2026-05-03,Lille,Le Havre,1,1,D,22,2,10,2,2526
2026-05-03,Auxerre,Angers,3,1,H,19,9,10,3,2526
2026-05-03,Paris FC,Brest,4,0,H,17,10,8,1,2526
2026-05-03,Strasbourg,Toulouse,1,2,A,9,16,4,6,2526
2026-05-03,Lyon,Rennes,4,2,H,16,8,9,5,2526
2026-05-08,Lens,Nantes,1,0,H,14,15,5,3,2526
2026-05-10,Angers,Strasbourg,1,1,D,11,15,4,6,2526
2026-05-10,Auxerre,Nice,2,1,H,12,10,4,6,2526
2026-05-10,Le Havre,Marseille,0,1,A,10,8,2,3,2526
2026-05-10,Metz,Lorient,0,4,A,8,14,2,7,2526
2026-05-10,Monaco,Lille,0,1,A,7,7,3,2,2526
2026-05-10,Paris SG,Brest,1,0,H,23,3,6,2,2526
2026-05-10,Rennes,Paris FC,2,1,H,14,11,5,1,2526
2026-05-10,Toulouse,Lyon,2,1,H,14,18,6,3,2526
2026-05-13,Brest,Strasbourg,1,2,A,21,10,6,5,2526
2026-05-13,Lens,Paris SG,0,2,A,25,10,10,3,2526
2026-05-17,Brest,Angers,1,1,D,18,8,5,2,2526
2026-05-17,Lille,Auxerre,0,2,A,12,7,3,4,2526
2026-05-17,Lorient,Le Havre,0,2,A,12,7,2,4,2526
2026-05-17,Lyon,Lens,0,4,A,16,14,4,4,2526
2026-05-17,Marseille,Rennes,3,1,H,27,27,11,6,2526
2026-05-17,Nantes,Toulouse,0,0,D,2,2,1,1,2526
2026-05-17,Nice,Metz,0,0,D,22,16,4,4,2526
2026-05-17,Paris FC,Paris SG,2,1,H,17,9,9,2,2526
2026-05-17,Strasbourg,Monaco,5,4,H,15,21,7,8,2526
2026-08-21,Marseille,Strasbourg,4,0,H,14,5,8,2,2627
2026-08-22,Lens,Auxerre,5,2,H,12,10,9,4,2627
2026-08-22,Le Mans,Brest,2,2,D,8,26,5,7,2627
2026-08-22,Nice,Lorient,0,0,D,14,10,1,2,2627
2026-08-22,Toulouse,Lyon,0,2,A,17,11,2,3,2627
2026-08-22,Troyes,Paris FC,0,0,D,9,10,2,1,2627
2026-08-23,Angers,Lille,0,2,A,20,11,2,8,2627
2026-08-23,Le Havre,Monaco,0,1,A,15,15,4,7,2627
2026-08-23,Rennes,Paris SG,2,2,D,9,19,3,5,2627
2026-08-28,Lille,Paris SG,2,2,D,9,18,4,4,2627
2026-08-29,Strasbourg,Lens,2,1,H,16,17,7,7,2627
2026-08-29,Auxerre,Angers,1,3,A,20,15,7,6,2627
2026-08-29,Brest,Toulouse,2,2,D,26,6,7,2,2627
2026-08-29,Lorient,Troyes,1,2,A,15,11,6,2,2627
2026-08-29,Lyon,Le Havre,1,1,D,16,12,5,4,2627
2026-08-30,Paris FC,Nice,3,0,H,15,15,4,4,2627
2026-08-30,Rennes,Le Mans,3,2,H,22,12,8,5,2627
2026-08-30,Monaco,Marseille,2,0,H,11,13,5,2,2627
2026-09-03,Toulouse,Lille,0,1,A,24,10,10,6,2627
2026-09-04,Lyon,Auxerre,3,1,H,21,8,7,3,2627
2026-09-04,Paris SG,Monaco,1,2,A,23,4,10,2,2627
2026-09-05,Lens,Lorient,0,1,A,17,8,6,3,2627
2026-09-05,Le Havre,Brest,1,2,A,18,19,4,9,2627
2026-09-05,Nice,Le Mans,1,1,D,8,8,2,3,2627
2026-09-06,Troyes,Strasbourg,2,6,A,27,19,6,12,2627
2026-09-06,Angers,Rennes,1,2,A,19,17,3,5,2627
2026-09-06,Marseille,Paris FC,2,3,A,14,18,5,7,2627
2026-09-11,Rennes,Marseille,1,0,H,20,13,7,5,2627
2026-09-12,Strasbourg,Monaco,1,1,D,13,12,2,3,2627
2026-09-12,Auxerre,Nice,1,0,H,11,12,7,4,2627
2026-09-12,Le Havre,Angers,0,0,D,15,9,6,1,2627
2026-09-12,Lorient,Toulouse,2,2,D,10,13,3,4,2627
2026-09-12,Paris FC,Lyon,0,0,D,6,5,4,1,2627
2026-09-13,Lille,Troyes,2,0,H,13,8,6,1,2627
2026-09-13,Le Mans,Lens,2,2,D,13,16,5,6,2627
2026-09-13,Brest,Paris SG,0,1,A,16,15,4,7,2627
2026-09-18,Monaco,Lens,2,1,H,9,12,6,4,2627
2026-09-19,Paris FC,Strasbourg,2,1,H,17,5,7,1,2627
2026-09-19,Angers,Troyes,2,0,H,12,19,3,3,2627
2026-09-19,Le Mans,Lorient,2,1,H,11,9,7,2,2627
2026-09-19,Lyon,Rennes,4,0,H,15,13,9,4,2627
2026-09-19,Toulouse,Le Havre,3,2,H,14,18,5,7,2627
2026-09-20,Auxerre,Brest,2,1,H,11,8,4,2,2627
2026-09-20,Nice,Lille,2,1,H,10,21,4,8,2627
2026-09-20,Marseille,Paris SG,1,2,A,12,31,4,10,2627
